layer,matrix_type,tensor_key,method,group_size,row_width,num_weights,number_of_scales,mse,zeroed_percent,average_scale,maximum_scale,mse_improvement_vs_global,zeroed_point_reduction
0,down_proj,model.layers.0.mlp.down_proj.weight,global,11534336,5632,11534336,1,0.00024673083680681884,97.46080745350231,0.0747767835855484,0.0747767835855484,1.0,0.0
0,down_proj,model.layers.0.mlp.down_proj.weight,grouped,512,5632,11534336,22528,6.047873739589704e-06,19.789834456010297,0.008160988800227642,0.0747767835855484,40.79629427309397,77.67097299749202
0,down_proj,model.layers.0.mlp.down_proj.weight,grouped,256,5632,11534336,45056,5.170711119717453e-06,18.417739868164062,0.0075760213658213615,0.0747767835855484,47.71700276698133,79.04306758533825
0,down_proj,model.layers.0.mlp.down_proj.weight,grouped,128,5632,11534336,90112,4.330408501118654e-06,16.975515538995918,0.006968396715819836,0.0747767835855484,56.976342241865176,80.48529191450639
0,down_proj,model.layers.0.mlp.down_proj.weight,grouped,64,5632,11534336,180224,3.549210077835596e-06,15.459043329412287,0.006340248975902796,0.0747767835855484,69.51711265208678,82.00176412409003
0,down_proj,model.layers.0.mlp.down_proj.weight,grouped,32,5632,11534336,360448,2.8152630875410978e-06,13.832950592041016,0.005682250950485468,0.0747767835855484,87.64041907796194,83.6278568614613
0,down_proj,model.layers.0.mlp.down_proj.weight,grouped,16,5632,11534336,720896,2.1233665847830707e-06,12.070950594815342,0.004986952990293503,0.0747767835855484,116.19794649449359,85.38985685868697
0,gate_proj,model.layers.0.mlp.gate_proj.weight,global,11534336,2048,11534336,1,0.00023547840828541666,96.60261327570134,0.0705915167927742,0.0705915167927742,1.0,0.0
0,gate_proj,model.layers.0.mlp.gate_proj.weight,grouped,512,2048,11534336,22528,6.9312095547502395e-06,21.553238955411043,0.008714844472706318,0.0705915167927742,33.97363857279914,75.0493743202903
0,gate_proj,model.layers.0.mlp.gate_proj.weight,grouped,256,2048,11534336,45056,5.589233751379652e-06,19.42182020707564,0.007858933880925179,0.0705915167927742,42.13071393324549,77.1807930686257
0,gate_proj,model.layers.0.mlp.gate_proj.weight,grouped,128,2048,11534336,90112,4.4745797822542954e-06,17.418419231068004,0.007061883341521025,0.0705915167927742,52.62581510319669,79.18419404463334
0,gate_proj,model.layers.0.mlp.gate_proj.weight,grouped,64,2048,11534336,180224,3.5447810660116374e-06,15.537079897793857,0.006315198726952076,0.0705915167927742,66.42960563721415,81.06553337790749
0,gate_proj,model.layers.0.mlp.gate_proj.weight,grouped,32,2048,11534336,360448,2.7682099243975244e-06,13.762829520485617,0.0056133088655769825,0.0705915167927742,85.0652279691781,82.83978375521573
0,gate_proj,model.layers.0.mlp.gate_proj.weight,grouped,16,2048,11534336,720896,2.075948486890411e-06,11.954905770041726,0.004912705160677433,0.0705915167927742,113.43172037864133,84.64770750565961
0,k_proj,model.layers.0.self_attn.k_proj.weight,global,524288,2048,524288,1,0.0007741155568510294,99.75242614746094,0.4441964328289032,0.4441964328289032,1.0,0.0
0,k_proj,model.layers.0.self_attn.k_proj.weight,grouped,512,2048,524288,1024,8.932080527301878e-05,67.4783706665039,0.032295603305101395,0.4441964328289032,8.666688063154613,32.27405548095703
0,k_proj,model.layers.0.self_attn.k_proj.weight,grouped,256,2048,524288,2048,6.708040746161714e-05,62.30602264404297,0.02696346491575241,0.4441964328289032,11.540114112961701,37.44640350341797
0,k_proj,model.layers.0.self_attn.k_proj.weight,grouped,128,2048,524288,4096,4.608592644217424e-05,55.636024475097656,0.02156401425600052,0.4441964328289032,16.797222419350547,44.11640167236328
0,k_proj,model.layers.0.self_attn.k_proj.weight,grouped,64,2048,524288,8192,3.220693179173395e-05,49.4659423828125,0.01749119907617569,0.4441964328289032,24.035681568702223,50.28648376464844
0,k_proj,model.layers.0.self_attn.k_proj.weight,grouped,32,2048,524288,16384,2.0857261915807612e-05,41.29142761230469,0.013451268896460533,0.4441964328289032,37.11491757527057,58.46099853515625
0,k_proj,model.layers.0.self_attn.k_proj.weight,grouped,16,2048,524288,32768,1.273454927286366e-05,33.20655822753906,0.010117679834365845,0.4441964328289032,60.78861059500628,66.54586791992188
0,o_proj,model.layers.0.self_attn.o_proj.weight,global,4194304,2048,4194304,1,5.5371921916957945e-05,99.0990400314331,0.0544084832072258,0.0544084832072258,1.0,0.0
0,o_proj,model.layers.0.self_attn.o_proj.weight,grouped,512,2048,4194304,8192,1.9878555121977115e-06,26.795268058776855,0.004250315949320793,0.0544084832072258,27.855103943515726,72.30377197265625
0,o_proj,model.layers.0.self_attn.o_proj.weight,grouped,256,2048,4194304,16384,1.6211693036893848e-06,23.882675170898438,0.003813809948042035,0.0544084832072258,34.15554550098191,75.21636486053467
0,o_proj,model.layers.0.self_attn.o_proj.weight,grouped,128,2048,4194304,32768,1.3015784361414262e-06,20.86641788482666,0.003374190768226981,0.0544084832072258,42.54213221379873,78.23262214660645
0,o_proj,model.layers.0.self_attn.o_proj.weight,grouped,64,2048,4194304,65536,1.005986746349663e-06,17.81489849090576,0.002935408614575863,0.0544084832072258,55.04239704735797,81.28414154052734
0,o_proj,model.layers.0.self_attn.o_proj.weight,grouped,32,2048,4194304,131072,7.719897325841885e-07,15.331768989562988,0.002561358967795968,0.0544084832072258,71.72624139909713,83.76727104187012
0,o_proj,model.layers.0.self_attn.o_proj.weight,grouped,16,2048,4194304,262144,5.6334909004363e-07,12.879300117492676,0.0021947065833956003,0.0544084832072258,98.29060327881159,86.21973991394043
0,q_proj,model.layers.0.self_attn.q_proj.weight,global,4194304,2048,4194304,1,0.00021798070520162582,99.83193874359131,0.2265625,0.2265625,1.0,0.0
0,q_proj,model.layers.0.self_attn.q_proj.weight,grouped,512,2048,4194304,8192,1.833470378187485e-05,53.41756343841553,0.013212763704359531,0.2265625,11.88896792633842,46.41437530517578
0,q_proj,model.layers.0.self_attn.q_proj.weight,grouped,256,2048,4194304,16384,1.4029414160177112e-05,49.18982982635498,0.01139548048377037,0.2265625,15.537406103554218,50.64210891723633
0,q_proj,model.layers.0.self_attn.q_proj.weight,grouped,128,2048,4194304,32768,1.0377522812632378e-05,44.435834884643555,0.009641068987548351,0.2265625,21.005080801776867,55.396103858947754
0,q_proj,model.layers.0.self_attn.q_proj.weight,grouped,64,2048,4194304,65536,7.368383194261696e-06,39.3366813659668,0.007999615743756294,0.2265625,29.583247702343098,60.49525737762451
0,q_proj,model.layers.0.self_attn.q_proj.weight,grouped,32,2048,4194304,131072,4.923893357045017e-06,33.25028419494629,0.006403280422091484,0.2265625,44.2699890909991,66.58165454864502
0,q_proj,model.layers.0.self_attn.q_proj.weight,grouped,16,2048,4194304,262144,3.1070517252373975e-06,26.946568489074707,0.0050109317526221275,0.2265625,70.15676740462722,72.8853702545166
0,up_proj,model.layers.0.mlp.up_proj.weight,global,11534336,2048,11534336,1,4.9551890697330236e-05,54.016659476540305,0.0244140625,0.0244140625,1.0,0.0
0,up_proj,model.layers.0.mlp.up_proj.weight,grouped,512,2048,11534336,22528,5.817704732180573e-06,19.68520771373402,0.008201838470995426,0.0244140625,8.517429635649,34.33145176280628
0,up_proj,model.layers.0.mlp.up_proj.weight,grouped,256,2048,11534336,45056,4.955737495038193e-06,18.190522627397016,0.007580536883324385,0.0244140625,9.998893352794173,35.82613684914329
0,up_proj,model.layers.0.mlp.up_proj.weight,grouped,128,2048,11534336,90112,4.16312514062156e-06,16.68682965365323,0.006958106532692909,0.0244140625,11.90257055062536,37.32982982288708
0,up_proj,model.layers.0.mlp.up_proj.weight,grouped,64,2048,11534336,180224,3.432100584177533e-06,15.163178877397018,0.006329841911792755,0.0244140625,14.437773451562412,38.85348059914329
0,up_proj,model.layers.0.mlp.up_proj.weight,grouped,32,2048,11534336,360448,2.749234226939734e-06,13.581674749200994,0.0056864540092647076,0.0244140625,18.023888329256007,40.43498472733931
0,up_proj,model.layers.0.mlp.up_proj.weight,grouped,16,2048,11534336,720896,2.0969659999536816e-06,11.88155087557706,0.005009410437196493,0.0244140625,23.63027855407515,42.13510860096324
0,v_proj,model.layers.0.self_attn.v_proj.weight,global,524288,2048,524288,1,7.444320544891525e-06,40.39649963378906,0.009626115672290325,0.009626115672290325,1.0,0.0
0,v_proj,model.layers.0.self_attn.v_proj.weight,grouped,512,2048,524288,1024,2.5147744509013137e-06,24.86419677734375,0.005426457151770592,0.009626115672290325,2.960233885875302,15.532302856445312
0,v_proj,model.layers.0.self_attn.v_proj.weight,grouped,256,2048,524288,2048,2.1975990875944262e-06,23.389434814453125,0.005060553550720215,0.009626115672290325,3.3874789022780107,17.007064819335938
0,v_proj,model.layers.0.self_attn.v_proj.weight,grouped,128,2048,524288,4096,1.885260530798405e-06,21.79584503173828,0.004680537153035402,0.009626115672290325,3.9486959087500053,18.60065460205078
0,v_proj,model.layers.0.self_attn.v_proj.weight,grouped,64,2048,524288,8192,1.5743706853754702e-06,20.0775146484375,0.004273146390914917,0.009626115672290325,4.72844204610945,20.318984985351562
0,v_proj,model.layers.0.self_attn.v_proj.weight,grouped,32,2048,524288,16384,1.2630753190023825e-06,18.1182861328125,0.0038317455910146236,0.009626115672290325,5.893805723930454,22.278213500976562
0,v_proj,model.layers.0.self_attn.v_proj.weight,grouped,16,2048,524288,32768,9.60443685471546e-07,15.950965881347656,0.0033592309337109327,0.009626115672290325,7.7509183073410615,24.445533752441406
1,down_proj,model.layers.1.mlp.down_proj.weight,global,11534336,5632,11534336,1,0.00027299654902890325,98.32759336991744,0.08203125,0.08203125,1.0,0.0
1,down_proj,model.layers.1.mlp.down_proj.weight,grouped,512,5632,11534336,22528,6.112055871199118e-06,19.19412612915039,0.00824759341776371,0.08203125,44.66525744885646,79.13346724076705
1,down_proj,model.layers.1.mlp.down_proj.weight,grouped,256,5632,11534336,45056,5.2109535317867994e-06,17.87149255925959,0.007661906071007252,0.08203125,52.38898166403235,80.45610081065784
1,down_proj,model.layers.1.mlp.down_proj.weight,grouped,128,5632,11534336,90112,4.379249276098562e-06,16.498088836669922,0.007062872871756554,0.08203125,62.33866396208294,81.82950453324752
1,down_proj,model.layers.1.mlp.down_proj.weight,grouped,64,5632,11534336,180224,3.602924152801279e-06,15.05248329856179,0.006440556142479181,0.08203125,75.77082876325554,83.27511007135564
1,down_proj,model.layers.1.mlp.down_proj.weight,grouped,32,5632,11534336,360448,2.8727497465297347e-06,13.51542906327681,0.0057906522415578365,0.08203125,95.02970084974562,84.81216430664062
1,down_proj,model.layers.1.mlp.down_proj.weight,grouped,16,5632,11534336,720896,2.1846831259608734e-06,11.83070269497958,0.005100160371512175,0.08203125,124.95933427820711,86.49689067493786
1,gate_proj,model.layers.1.mlp.gate_proj.weight,global,11534336,2048,11534336,1,0.00026912271277979016,94.1532308405096,0.0686383917927742,0.0686383917927742,1.0,0.0
1,gate_proj,model.layers.1.mlp.gate_proj.weight,grouped,512,2048,11534336,22528,6.601896984648192e-06,19.26894621415572,0.008730934001505375,0.0686383917927742,40.76445200608222,74.88428462635387
1,gate_proj,model.layers.1.mlp.gate_proj.weight,grouped,256,2048,11534336,45056,5.6718049563642126e-06,17.928478934548117,0.008109879679977894,0.0686383917927742,47.44921852043118,76.22475190596148
1,gate_proj,model.layers.1.mlp.gate_proj.weight,grouped,128,2048,11534336,90112,4.802902367373463e-06,16.54062271118164,0.007476843427866697,0.0686383917927742,56.03335071059624,77.61260812932795
1,gate_proj,model.layers.1.mlp.gate_proj.weight,grouped,64,2048,11534336,180224,3.97502208215883e-06,15.08861021562056,0.006820386741310358,0.0686383917927742,67.70345100413377,79.06462062488903
1,gate_proj,model.layers.1.mlp.gate_proj.weight,grouped,32,2048,11534336,360448,3.191613359376788e-06,13.551824743097479,0.006135780829936266,0.0686383917927742,84.32184054786026,80.60140609741211
1,gate_proj,model.layers.1.mlp.gate_proj.weight,grouped,16,2048,11534336,720896,2.438433966744924e-06,11.864896254106002,0.005408622324466705,0.0686383917927742,110.36702918760734,82.2883345864036
1,k_proj,model.layers.1.self_attn.k_proj.weight,global,524288,2048,524288,1,0.0005812174640595913,77.88619995117188,0.0959821417927742,0.0959821417927742,1.0,0.0
1,k_proj,model.layers.1.self_attn.k_proj.weight,grouped,512,2048,524288,1024,9.289452282246202e-05,34.770774841308594,0.03052135929465294,0.0959821417927742,6.256746322605062,43.11542510986328
1,k_proj,model.layers.1.self_attn.k_proj.weight,grouped,256,2048,524288,2048,7.317146082641557e-05,31.19831085205078,0.02682563289999962,0.0959821417927742,7.9432261908561825,46.687889099121094
1,k_proj,model.layers.1.self_attn.k_proj.weight,grouped,128,2048,524288,4096,5.5921791499713436e-05,27.79254913330078,0.023289570584893227,0.0959821417927742,10.393398503024883,50.093650817871094
1,k_proj,model.layers.1.self_attn.k_proj.weight,grouped,64,2048,524288,8192,4.145828279433772e-05,24.50580596923828,0.019931111484766006,0.0959821417927742,14.019332806012233,53.380393981933594
1,k_proj,model.layers.1.self_attn.k_proj.weight,grouped,32,2048,524288,16384,2.993555062857922e-05,21.547508239746094,0.01691875234246254,0.0959821417927742,19.415626299010107,56.33869171142578
1,k_proj,model.layers.1.self_attn.k_proj.weight,grouped,16,2048,524288,32768,2.0854862668784335e-05,18.71166229248047,0.014191433787345886,0.0959821417927742,27.869637565610084,59.174537658691406
1,o_proj,model.layers.1.self_attn.o_proj.weight,global,4194304,2048,4194304,1,0.00017414585454389453,98.9060640335083,0.0736607164144516,0.0736607164144516,1.0,0.0
1,o_proj,model.layers.1.self_attn.o_proj.weight,grouped,512,2048,4194304,8192,4.2414940253365785e-06,20.23625373840332,0.0067056287080049515,0.0736607164144516,41.05766824228295,78.66981029510498
1,o_proj,model.layers.1.self_attn.o_proj.weight,grouped,256,2048,4194304,16384,3.5547909646993503e-06,18.735837936401367,0.006192218512296677,0.0736607164144516,48.98905625485156,80.17022609710693
1,o_proj,model.layers.1.self_attn.o_proj.weight,grouped,128,2048,4194304,32768,2.8881122489110567e-06,16.953039169311523,0.005617047194391489,0.0736607164144516,60.29746752729402,81.95302486419678
1,o_proj,model.layers.1.self_attn.o_proj.weight,grouped,64,2048,4194304,65536,2.312823198735714e-06,15.163946151733398,0.005048070102930069,0.0736607164144516,75.29579201691247,83.7421178817749
1,o_proj,model.layers.1.self_attn.o_proj.weight,grouped,32,2048,4194304,131072,1.8554318330643582e-06,13.616085052490234,0.004541668575257063,0.0736607164144516,93.85731743983399,85.28997898101807
1,o_proj,model.layers.1.self_attn.o_proj.weight,grouped,16,2048,4194304,262144,1.4110931942923344e-06,11.9110107421875,0.003998096566647291,0.0736607164144516,123.41201505916763,86.9950532913208
1,q_proj,model.layers.1.self_attn.q_proj.weight,global,4194304,2048,4194304,1,0.0004140672681387514,88.0544900894165,0.0859375,0.0859375,1.0,0.0
1,q_proj,model.layers.1.self_attn.q_proj.weight,grouped,512,2048,4194304,8192,2.6430669095134363e-05,30.680274963378906,0.016750792041420937,0.0859375,15.666166703853035,57.3742151260376
1,q_proj,model.layers.1.self_attn.q_proj.weight,grouped,256,2048,4194304,16384,2.1556705178227276e-05,28.378891944885254,0.01510712318122387,0.0859375,19.208281818362856,59.67559814453125
1,q_proj,model.layers.1.self_attn.q_proj.weight,grouped,128,2048,4194304,32768,1.718212297419086e-05,26.036691665649414,0.01347486674785614,0.0859375,24.098725679051345,62.01779842376709
1,q_proj,model.layers.1.self_attn.q_proj.weight,grouped,64,2048,4194304,65536,1.342291034234222e-05,23.71809482574463,0.011898594908416271,0.0859375,30.84780107877105,64.33639526367188
1,q_proj,model.layers.1.self_attn.q_proj.weight,grouped,32,2048,4194304,131072,1.0132924217032269e-05,21.36974334716797,0.010353035293519497,0.0859375,40.86355125825894,66.68474674224854
1,q_proj,model.layers.1.self_attn.q_proj.weight,grouped,16,2048,4194304,262144,7.313230526051484e-06,18.93150806427002,0.008847997523844242,0.0859375,56.618927389714344,69.12298202514648
1,up_proj,model.layers.1.mlp.up_proj.weight,global,11534336,2048,11534336,1,0.00011198534048162401,72.16481295498934,0.037109375,0.037109375,1.0,0.0
1,up_proj,model.layers.1.mlp.up_proj.weight,grouped,512,2048,11534336,22528,5.8287814681534655e-06,19.132336703213777,0.00825549103319645,0.037109375,19.21247881628002,53.03247625177556
1,up_proj,model.layers.1.mlp.up_proj.weight,grouped,256,2048,11534336,45056,5.044579665991478e-06,17.844512245871805,0.007691077422350645,0.037109375,22.199142028935338,54.32030070911754
1,up_proj,model.layers.1.mlp.up_proj.weight,grouped,128,2048,11534336,90112,4.297978193790186e-06,16.50655919855291,0.007108536083251238,0.037109375,26.05535333879146,55.65825375643644
1,up_proj,model.layers.1.mlp.up_proj.weight,grouped,64,2048,11534336,180224,3.5773846320807934e-06,15.08106751875444,0.006495137698948383,0.037109375,31.30369026505475,57.083745436234906
1,up_proj,model.layers.1.mlp.up_proj.weight,grouped,32,2048,11534336,360448,2.880871079469216e-06,13.55948881669478,0.005848321132361889,0.037109375,38.87204161258638,58.60532413829456
1,up_proj,model.layers.1.mlp.up_proj.weight,grouped,16,2048,11534336,720896,2.2053513930586632e-06,11.881126057017934,0.005158683285117149,0.037109375,50.77891026078544,60.28368689797141
1,v_proj,model.layers.1.self_attn.v_proj.weight,global,524288,2048,524288,1,1.343707390333293e-05,41.92848205566406,0.012834821827709675,0.012834821827709675,1.0,0.0
1,v_proj,model.layers.1.self_attn.v_proj.weight,grouped,512,2048,524288,1024,4.115492629352957e-06,24.343299865722656,0.006946682929992676,0.012834821827709675,3.264997683994279,17.585182189941406
1,v_proj,model.layers.1.self_attn.v_proj.weight,grouped,256,2048,524288,2048,3.5325997487234417e-06,22.69725799560547,0.006429638247936964,0.012834821827709675,3.8037351693150687,19.231224060058594
1,v_proj,model.layers.1.self_attn.v_proj.weight,grouped,128,2048,524288,4096,2.9484781407518312e-06,20.868682861328125,0.005869009997695684,0.012834821827709675,4.5572913421384955,21.059799194335938
1,v_proj,model.layers.1.self_attn.v_proj.weight,grouped,64,2048,524288,8192,2.423744035695563e-06,19.012451171875,0.00531507283449173,0.012834821827709675,5.543932736064176,22.916030883789062
1,v_proj,model.layers.1.self_attn.v_proj.weight,grouped,32,2048,524288,16384,1.9184021766704973e-06,17.01183319091797,0.004738586023449898,0.012834821827709675,7.004304971470467,24.916648864746094
1,v_proj,model.layers.1.self_attn.v_proj.weight,grouped,16,2048,524288,32768,1.4397655831999145e-06,14.833450317382812,0.004127528518438339,0.012834821827709675,9.332820606441155,27.09503173828125
2,down_proj,model.layers.2.mlp.down_proj.weight,global,11534336,5632,11534336,1,0.00030163346673361957,99.9161113392223,0.1194196417927742,0.1194196417927742,1.0,0.0
2,down_proj,model.layers.2.mlp.down_proj.weight,grouped,512,5632,11534336,22528,6.122771083028056e-06,18.998302112926137,0.00832168385386467,0.1194196417927742,49.264207765292575,80.91780922629616
2,down_proj,model.layers.2.mlp.down_proj.weight,grouped,256,5632,11534336,45056,5.226387202128535e-06,17.691828987815164,0.007737578358501196,0.1194196417927742,57.71357059246858,82.22428235140714
2,down_proj,model.layers.2.mlp.down_proj.weight,grouped,128,5632,11534336,90112,4.406971129355952e-06,16.339371421120383,0.007137451786547899,0.1194196417927742,68.44462055227967,83.57673991810191
2,down_proj,model.layers.2.mlp.down_proj.weight,grouped,64,5632,11534336,180224,3.650585085779312e-06,14.92583534934304,0.006520482711493969,0.1194196417927742,82.62606120553635,84.99027598987925
2,down_proj,model.layers.2.mlp.down_proj.weight,grouped,32,5632,11534336,360448,2.9293021270859754e-06,13.414079492742365,0.005872776731848717,0.1194196417927742,102.97110152774849,86.50203184647994
2,down_proj,model.layers.2.mlp.down_proj.weight,grouped,16,5632,11534336,720896,2.2380361315299524e-06,11.755362423983486,0.00518178241327405,0.1194196417927742,134.77595937086983,88.16074891523881
2,gate_proj,model.layers.2.mlp.gate_proj.weight,global,11534336,2048,11534336,1,0.0003352222847752273,99.98370950872248,0.1662946492433548,0.1662946492433548,1.0,0.0
2,gate_proj,model.layers.2.mlp.gate_proj.weight,grouped,512,2048,11534336,22528,6.792029580537928e-06,18.912948261607777,0.008703271858394146,0.1662946492433548,49.35524511491862,81.0707612471147
2,gate_proj,model.layers.2.mlp.gate_proj.weight,grouped,256,2048,11534336,45056,5.843550297868205e-06,17.662343111905184,0.00811713095754385,0.1662946492433548,57.366201656126805,82.3213663968173
2,gate_proj,model.layers.2.mlp.gate_proj.weight,grouped,128,2048,11534336,90112,4.973222985427128e-06,16.355453838001598,0.007509185001254082,0.1662946492433548,67.40544024619813,83.62825567072089
2,gate_proj,model.layers.2.mlp.gate_proj.weight,grouped,64,2048,11534336,180224,4.10861002819729e-06,14.958147569136186,0.006865828763693571,0.1662946492433548,81.59019290577713,85.0255619395863
2,gate_proj,model.layers.2.mlp.gate_proj.weight,grouped,32,2048,11534336,360448,3.2987011309160152e-06,13.460020585493607,0.006188076455146074,0.1662946492433548,101.6225088212643,86.52368892322887
2,gate_proj,model.layers.2.mlp.gate_proj.weight,grouped,16,2048,11534336,720896,2.5152005491690943e-06,11.793240633877842,0.0054612066596746445,0.1662946492433548,133.27855104276642,88.19046887484464
2,k_proj,model.layers.2.self_attn.k_proj.weight,global,524288,2048,524288,1,0.0006918595172464848,69.26441192626953,0.0954241082072258,0.0954241082072258,1.0,0.0
2,k_proj,model.layers.2.self_attn.k_proj.weight,grouped,512,2048,524288,1024,9.259291255148128e-05,25.255584716796875,0.03071325272321701,0.0954241082072258,7.47205696615077,44.008827209472656
2,k_proj,model.layers.2.self_attn.k_proj.weight,grouped,256,2048,524288,2048,7.476294558728114e-05,22.53246307373047,0.02744411490857601,0.0954241082072258,9.25404305316972,46.73194885253906
2,k_proj,model.layers.2.self_attn.k_proj.weight,grouped,128,2048,524288,4096,5.873889313079417e-05,19.975852966308594,0.02427763119339943,0.0954241082072258,11.778558981455744,49.28855895996094
2,k_proj,model.layers.2.self_attn.k_proj.weight,grouped,64,2048,524288,8192,4.524318501353264e-05,17.496299743652344,0.021306946873664856,0.0954241082072258,15.292016179664262,51.76811218261719
2,k_proj,model.layers.2.self_attn.k_proj.weight,grouped,32,2048,524288,16384,3.399161869310774e-05,15.145492553710938,0.018498387187719345,0.0954241082072258,20.35382673278718,54.118919372558594
2,k_proj,model.layers.2.self_attn.k_proj.weight,grouped,16,2048,524288,32768,2.453558045090176e-05,12.848854064941406,0.015858963131904602,0.0954241082072258,28.198212739697247,56.415557861328125
2,o_proj,model.layers.2.self_attn.o_proj.weight,global,4194304,2048,4194304,1,0.0001817148004192859,99.53529834747314,0.0853794664144516,0.0853794664144516,1.0,0.0
2,o_proj,model.layers.2.self_attn.o_proj.weight,grouped,512,2048,4194304,8192,4.6312397898873314e-06,20.137977600097656,0.006816532462835312,0.0853794664144516,39.236750559984856,79.39732074737549
2,o_proj,model.layers.2.self_attn.o_proj.weight,grouped,256,2048,4194304,16384,3.7376039472292177e-06,18.564438819885254,0.006242851726710796,0.0853794664144516,48.61799243175451,80.97085952758789
2,o_proj,model.layers.2.self_attn.o_proj.weight,grouped,128,2048,4194304,32768,3.037834176211618e-06,16.793227195739746,0.005670108366757631,0.0853794664144516,59.81722170427893,82.7420711517334
2,o_proj,model.layers.2.self_attn.o_proj.weight,grouped,64,2048,4194304,65536,2.394777084191446e-06,14.935111999511719,0.005073908716440201,0.0853794664144516,75.87963055886625,84.60018634796143
2,o_proj,model.layers.2.self_attn.o_proj.weight,grouped,32,2048,4194304,131072,1.9333360796736088e-06,13.442230224609375,0.00457402877509594,0.0853794664144516,93.990280494824,86.09306812286377
2,o_proj,model.layers.2.self_attn.o_proj.weight,grouped,16,2048,4194304,262144,1.473230213377974e-06,11.794686317443848,0.004037078469991684,0.0853794664144516,123.34447038160552,87.7406120300293
2,q_proj,model.layers.2.self_attn.q_proj.weight,global,4194304,2048,4194304,1,0.00038253216189332306,77.28755474090576,0.0719866082072258,0.0719866082072258,1.0,0.0
2,q_proj,model.layers.2.self_attn.q_proj.weight,grouped,512,2048,4194304,8192,2.3387798137264326e-05,20.81923484802246,0.015690438449382782,0.0719866082072258,16.356057105000648,56.4683198928833
2,q_proj,model.layers.2.self_attn.q_proj.weight,grouped,256,2048,4194304,16384,1.9654522475320846e-05,19.049954414367676,0.014385389164090157,0.0719866082072258,19.46280620013275,58.237600326538086
2,q_proj,model.layers.2.self_attn.q_proj.weight,grouped,128,2048,4194304,32768,1.625274308025837e-05,17.316246032714844,0.013094894587993622,0.0719866082072258,23.53646765990975,59.97130870819092
2,q_proj,model.layers.2.self_attn.q_proj.weight,grouped,64,2048,4194304,65536,1.3275352102937177e-05,15.658330917358398,0.011853517033159733,0.0719866082072258,28.815217775556228,61.62922382354736
2,q_proj,model.layers.2.self_attn.q_proj.weight,grouped,32,2048,4194304,131072,1.0467346328368876e-05,13.8946533203125,0.010562368668615818,0.0719866082072258,36.54528568110662,63.39290142059326
2,q_proj,model.layers.2.self_attn.q_proj.weight,grouped,16,2048,4194304,262144,7.891621862654574e-06,12.076663970947266,0.00925238337367773,0.0719866082072258,48.47319962244711,65.2108907699585
2,up_proj,model.layers.2.mlp.up_proj.weight,global,11534336,2048,11534336,1,0.00022719390108250082,90.89237559925427,0.0591517873108387,0.0591517873108387,1.0,0.0
2,up_proj,model.layers.2.mlp.up_proj.weight,grouped,512,2048,11534336,22528,5.901619715587003e-06,18.945667960427024,0.008297506719827652,0.0591517873108387,38.49687238953231,71.94670763882723
2,up_proj,model.layers.2.mlp.up_proj.weight,grouped,256,2048,11534336,45056,5.123902610648656e-06,17.700334028764203,0.007743926253169775,0.0591517873108387,44.340011578350314,73.19204157049006
2,up_proj,model.layers.2.mlp.up_proj.weight,grouped,128,2048,11534336,90112,4.375655407784507e-06,16.394407098943535,0.0071676443330943584,0.0591517873108387,51.92225619008107,74.49796850031073
2,up_proj,model.layers.2.mlp.up_proj.weight,grouped,64,2048,11534336,180224,3.648775646070135e-06,14.993476867675781,0.006558303255587816,0.0591517873108387,62.26579080771847,75.89889873157848
2,up_proj,model.layers.2.mlp.up_proj.weight,grouped,32,2048,11534336,360448,2.9434618227242026e-06,13.486168601296164,0.005911214277148247,0.0591517873108387,77.18595136125484,77.4062069979581
2,up_proj,model.layers.2.mlp.up_proj.weight,grouped,16,2048,11534336,720896,2.257065716548823e-06,11.819917505437678,0.00521895894780755,0.0591517873108387,100.65896593825931,79.07245809381659
2,v_proj,model.layers.2.self_attn.v_proj.weight,global,524288,2048,524288,1,8.538675501768012e-06,36.150550842285156,0.01018415205180645,0.01018415205180645,1.0,0.0
2,v_proj,model.layers.2.self_attn.v_proj.weight,grouped,512,2048,524288,1024,2.8009587822452886e-06,21.15764617919922,0.005726865492761135,0.01018415205180645,3.048483096535711,14.992904663085938
2,v_proj,model.layers.2.self_attn.v_proj.weight,grouped,256,2048,524288,2048,2.4238054265879327e-06,19.727706909179688,0.005321767181158066,0.01018415205180645,3.5228386767778526,16.42284393310547
2,v_proj,model.layers.2.self_attn.v_proj.weight,grouped,128,2048,524288,4096,2.0608017621270847e-06,18.25103759765625,0.00490892818197608,0.01018415205180645,4.143375485546315,17.899513244628906
2,v_proj,model.layers.2.self_attn.v_proj.weight,grouped,64,2048,524288,8192,1.7183081126859179e-06,16.729354858398438,0.004482496064156294,0.01018415205180645,4.969234236123728,19.42119598388672
2,v_proj,model.layers.2.self_attn.v_proj.weight,grouped,32,2048,524288,16384,1.3802620060232584e-06,15.024948120117188,0.004027770832180977,0.01018415205180645,6.186271493750099,21.12560272216797
2,v_proj,model.layers.2.self_attn.v_proj.weight,grouped,16,2048,524288,32768,1.0554696245890227e-06,13.209915161132812,0.003545426530763507,0.01018415205180645,8.089930115319794,22.940635681152344
3,down_proj,model.layers.3.mlp.down_proj.weight,global,11534336,5632,11534336,1,0.0002874408382922411,99.0252668207342,0.08984375,0.08984375,1.0,0.0
3,down_proj,model.layers.3.mlp.down_proj.weight,grouped,512,5632,11534336,22528,6.006274361425312e-06,19.06081112948331,0.008261389099061489,0.08984375,47.85676127922173,79.96445569125089
3,down_proj,model.layers.3.mlp.down_proj.weight,grouped,256,5632,11534336,45056,5.120487458043499e-06,17.725060202858664,0.00767634529620409,0.08984375,56.135444261408296,81.30020661787555
3,down_proj,model.layers.3.mlp.down_proj.weight,grouped,128,5632,11534336,90112,4.32329125032993e-06,16.36193882335316,0.00708115054294467,0.08984375,66.48657738946113,82.66332799738105
3,down_proj,model.layers.3.mlp.down_proj.weight,grouped,64,5632,11534336,180224,3.5807918266073102e-06,14.945741133256393,0.006468933541327715,0.08984375,80.27298212545978,84.07952568747781
3,down_proj,model.layers.3.mlp.down_proj.weight,grouped,32,5632,11534336,360448,2.879094154195627e-06,13.434782895174893,0.005826788023114204,0.08984375,99.83724841834756,85.59048392555931
3,down_proj,model.layers.3.mlp.down_proj.weight,grouped,16,5632,11534336,720896,2.2020308279024903e-06,11.769494143399326,0.005141677334904671,0.08984375,130.53442969553626,87.25577267733487
3,gate_proj,model.layers.3.mlp.gate_proj.weight,global,11534336,2048,11534336,1,0.00020327964739408344,83.81603414362127,0.0521763376891613,0.0521763376891613,1.0,0.0
3,gate_proj,model.layers.3.mlp.gate_proj.weight,grouped,512,2048,11534336,22528,6.679590569547145e-06,18.824716047807172,0.008824680931866169,0.0521763376891613,30.432950235131727,64.9913180958141
3,gate_proj,model.layers.3.mlp.gate_proj.weight,grouped,256,2048,11534336,45056,5.7956176533480175e-06,17.566256089644,0.008231409825384617,0.0521763376891613,35.07471671749303,66.24977805397727
3,gate_proj,model.layers.3.mlp.gate_proj.weight,grouped,128,2048,11534336,90112,4.959012130711926e-06,16.269241679798473,0.0076219202019274235,0.0521763376891613,40.99196413236041,67.5467924638228
3,gate_proj,model.layers.3.mlp.gate_proj.weight,grouped,64,2048,11534336,180224,4.1396024244022556e-06,14.880561828613281,0.0069749136455357075,0.0521763376891613,49.10607989689646,68.93547231500798
3,gate_proj,model.layers.3.mlp.gate_proj.weight,grouped,32,2048,11534336,360448,3.3404869554942707e-06,13.38622353293679,0.006287825293838978,0.0521763376891613,60.85329776838043,70.42981061068448
3,gate_proj,model.layers.3.mlp.gate_proj.weight,grouped,16,2048,11534336,720896,2.562661165939062e-06,11.742392453280361,0.005553215742111206,0.0521763376891613,79.32365390162441,72.0736416903409
3,k_proj,model.layers.3.self_attn.k_proj.weight,global,524288,2048,524288,1,0.00030956268892623484,54.56352233886719,0.0616629458963871,0.0616629458963871,1.0,0.0
3,k_proj,model.layers.3.self_attn.k_proj.weight,grouped,512,2048,524288,1024,5.3242212743498385e-05,22.021865844726562,0.023975489661097527,0.0616629458963871,5.8142341006298,32.541656494140625
3,k_proj,model.layers.3.self_attn.k_proj.weight,grouped,256,2048,524288,2048,4.437247116584331e-05,19.94495391845703,0.021819300949573517,0.0616629458963871,6.976458168607197,34.618568420410156
3,k_proj,model.layers.3.self_attn.k_proj.weight,grouped,128,2048,524288,4096,3.689698496600613e-05,18.071365356445312,0.019839681684970856,0.0616629458963871,8.38991828767149,36.492156982421875
3,k_proj,model.layers.3.self_attn.k_proj.weight,grouped,64,2048,524288,8192,2.9804345103912055e-05,16.150665283203125,0.017806904390454292,0.0616629458963871,10.386495252519483,38.41285705566406
3,k_proj,model.layers.3.self_attn.k_proj.weight,grouped,32,2048,524288,16384,2.3378921468975022e-05,14.208602905273438,0.0157870315015316,0.0616629458963871,13.241102218382474,40.35491943359375
3,k_proj,model.layers.3.self_attn.k_proj.weight,grouped,16,2048,524288,32768,1.749649891280569e-05,12.254142761230469,0.013743361458182335,0.0616629458963871,17.69283617648019,42.30937957763672
3,o_proj,model.layers.3.self_attn.o_proj.weight,global,4194304,2048,4194304,1,0.0001563300465932116,92.89016723632812,0.0510602667927742,0.0510602667927742,1.0,0.0
3,o_proj,model.layers.3.self_attn.o_proj.weight,grouped,512,2048,4194304,8192,4.1391062950424384e-06,19.138288497924805,0.006804595701396465,0.0510602667927742,37.76903404980295,73.75187873840332
3,o_proj,model.layers.3.self_attn.o_proj.weight,grouped,256,2048,4194304,16384,3.5405228118179366e-06,17.799997329711914,0.006318986415863037,0.0510602667927742,44.1545090661177,75.09016990661621
3,o_proj,model.layers.3.self_attn.o_proj.weight,grouped,128,2048,4194304,32768,2.958680397568969e-06,16.360783576965332,0.005805179942399263,0.0510602667927742,52.83776061843713,76.5293836593628
3,o_proj,model.layers.3.self_attn.o_proj.weight,grouped,64,2048,4194304,65536,2.410053411949775e-06,14.78583812713623,0.005259765777736902,0.0510602667927742,64.86580165322472,78.1043291091919
3,o_proj,model.layers.3.self_attn.o_proj.weight,grouped,32,2048,4194304,131072,1.943687266248162e-06,13.321590423583984,0.004746158141642809,0.0510602667927742,80.42962945112592,79.56857681274414
3,o_proj,model.layers.3.self_attn.o_proj.weight,grouped,16,2048,4194304,262144,1.4931206351320725e-06,11.703824996948242,0.004196510650217533,0.0510602667927742,104.70021170083392,81.18634223937988
3,q_proj,model.layers.3.self_attn.q_proj.weight,global,4194304,2048,4194304,1,0.0001742444874253124,65.89534282684326,0.046875,0.046875,1.0,0.0
3,q_proj,model.layers.3.self_attn.q_proj.weight,grouped,512,2048,4194304,8192,1.5847339454921894e-05,20.795130729675293,0.013095573522150517,0.046875,10.995188682677915,45.10021209716797
3,q_proj,model.layers.3.self_attn.q_proj.weight,grouped,256,2048,4194304,16384,1.3414992281468585e-05,19.078540802001953,0.012046881020069122,0.046875,12.988787751001022,46.81680202484131
3,q_proj,model.layers.3.self_attn.q_proj.weight,grouped,128,2048,4194304,32768,1.1269989045104012e-05,17.452287673950195,0.011043827049434185,0.046875,15.460927843670701,48.443055152893066
3,q_proj,model.layers.3.self_attn.q_proj.weight,grouped,64,2048,4194304,65536,9.187158866552636e-06,15.695047378540039,0.009978372603654861,0.046875,18.96609060061845,50.20029544830322
3,q_proj,model.layers.3.self_attn.q_proj.weight,grouped,32,2048,4194304,131072,7.271692084032111e-06,13.92974853515625,0.008901990950107574,0.046875,23.96202773876185,51.96559429168701
3,q_proj,model.layers.3.self_attn.q_proj.weight,grouped,16,2048,4194304,262144,5.495778168551624e-06,12.07113265991211,0.0077985431998968124,0.046875,31.705152952203925,53.82421016693115
3,up_proj,model.layers.3.mlp.up_proj.weight,global,11534336,2048,11534336,1,0.00018630204431246966,85.327486558394,0.0505022332072258,0.0505022332072258,1.0,0.0
3,up_proj,model.layers.3.mlp.up_proj.weight,grouped,512,2048,11534336,22528,5.820090791530674e-06,18.943890658291902,0.008245416916906834,0.0505022332072258,32.01016117885552,66.3835959001021
3,up_proj,model.layers.3.mlp.up_proj.weight,grouped,256,2048,11534336,45056,5.0516896408225875e-06,17.691638252951883,0.0076944963075220585,0.0505022332072258,36.879154809307195,67.63584830544212
3,up_proj,model.layers.3.mlp.up_proj.weight,grouped,128,2048,11534336,90112,4.310988515499048e-06,16.37542031028054,0.007120499387383461,0.0505022332072258,43.21562065003622,68.95206624811345
3,up_proj,model.layers.3.mlp.up_proj.weight,grouped,64,2048,11534336,180224,3.594408099161228e-06,14.973050897771662,0.006512001622468233,0.0505022332072258,51.831077377091404,70.35443566062234
3,up_proj,model.layers.3.mlp.up_proj.weight,grouped,32,2048,11534336,360448,2.8977831334486837e-06,13.460081273859197,0.005868153180927038,0.0505022332072258,64.29123082469927,71.8674052845348
3,up_proj,model.layers.3.mlp.up_proj.weight,grouped,16,2048,11534336,720896,2.222406237706309e-06,11.798329786820846,0.005180071108043194,0.0505022332072258,83.82897831709985,73.52915677157316
3,v_proj,model.layers.3.self_attn.v_proj.weight,global,524288,2048,524288,1,1.1761474524973892e-05,41.38145446777344,0.011928013525903225,0.011928013525903225,1.0,0.0
3,v_proj,model.layers.3.self_attn.v_proj.weight,grouped,512,2048,524288,1024,2.4891596694942564e-06,19.793319702148438,0.0054105003364384174,0.011928013525903225,4.725078374487551,21.588134765625
3,v_proj,model.layers.3.self_attn.v_proj.weight,grouped,256,2048,524288,2048,2.172448603232624e-06,18.51673126220703,0.005048100370913744,0.011928013525903225,5.413925331753629,22.864723205566406
3,v_proj,model.layers.3.self_attn.v_proj.weight,grouped,128,2048,524288,4096,1.8720459138421575e-06,17.232894897460938,0.004686953965574503,0.011928013525903225,6.2826848625923,24.1485595703125
3,v_proj,model.layers.3.self_attn.v_proj.weight,grouped,64,2048,524288,8192,1.5720992223577923e-06,15.853691101074219,0.004296247381716967,0.011928013525903225,7.481381809561833,25.52776336669922
3,v_proj,model.layers.3.self_attn.v_proj.weight,grouped,32,2048,524288,16384,1.2680478675974882e-06,14.28985595703125,0.0038697016425430775,0.011928013525903225,9.275260678650731,27.091598510742188
3,v_proj,model.layers.3.self_attn.v_proj.weight,grouped,16,2048,524288,32768,9.716857221064856e-07,12.52288818359375,0.003409130033105612,0.011928013525903225,12.10419609694025,28.858566284179688
4,down_proj,model.layers.4.mlp.down_proj.weight,global,11534336,5632,11534336,1,0.00027592218248173594,97.77747934514827,0.0792410746216774,0.0792410746216774,1.0,0.0
4,down_proj,model.layers.4.mlp.down_proj.weight,grouped,512,5632,11534336,22528,5.781020263384562e-06,18.933469598943535,0.008195715956389904,0.0792410746216774,47.728976877897026,78.84400974620473
4,down_proj,model.layers.4.mlp.down_proj.weight,grouped,256,5632,11534336,45056,4.995301424060017e-06,17.645740509033203,0.007636417169123888,0.0792410746216774,55.236342926724824,80.13173883611506
4,down_proj,model.layers.4.mlp.down_proj.weight,grouped,128,5632,11534336,90112,4.252788130543195e-06,16.306400299072266,0.007057386916130781,0.0792410746216774,64.88030299465996,81.471079046076
4,down_proj,model.layers.4.mlp.down_proj.weight,grouped,64,5632,11534336,180224,3.543627144608763e-06,14.904837174849076,0.006454750429838896,0.0792410746216774,77.86433821106745,82.87264217029919
4,down_proj,model.layers.4.mlp.down_proj.weight,grouped,32,5632,11534336,360448,2.8594745344889816e-06,13.400719382546164,0.005819291342049837,0.0792410746216774,96.4940163494221,84.37675996260211
4,down_proj,model.layers.4.mlp.down_proj.weight,grouped,16,5632,11534336,720896,2.1918567654211074e-06,11.750680750066584,0.005137536209076643,0.0792410746216774,125.88513393516605,86.02679859508169
4,gate_proj,model.layers.4.mlp.gate_proj.weight,global,11534336,2048,11534336,1,0.00022197686485014856,85.68658828735352,0.0552455373108387,0.0552455373108387,1.0,0.0
4,gate_proj,model.layers.4.mlp.gate_proj.weight,grouped,512,2048,11534336,22528,6.808509624534054e-06,18.758401003750887,0.008912723511457443,0.0552455373108387,32.602856879318836,66.92818728360263
4,gate_proj,model.layers.4.mlp.gate_proj.weight,grouped,256,2048,11534336,45056,5.916283498663688e-06,17.529955777254973,0.008318960666656494,0.0552455373108387,37.51964639630378,68.15663251009855
4,gate_proj,model.layers.4.mlp.gate_proj.weight,grouped,128,2048,11534336,90112,5.06286914969678e-06,16.236053813587535,0.007702127564698458,0.0552455373108387,43.84408490261751,69.45053447376598
4,gate_proj,model.layers.4.mlp.gate_proj.weight,grouped,64,2048,11534336,180224,4.2346491682110354e-06,14.869837327436967,0.007055416703224182,0.0552455373108387,52.41918658020131,70.81675095991655
4,gate_proj,model.layers.4.mlp.gate_proj.weight,grouped,32,2048,11534336,360448,3.422193685764796e-06,13.386301560835404,0.006363340187817812,0.0552455373108387,64.86391047166605,72.30028672651811
4,gate_proj,model.layers.4.mlp.gate_proj.weight,grouped,16,2048,11534336,720896,2.6278778477717424e-06,11.74727353182706,0.00562323397025466,0.0552455373108387,84.47000877090596,73.93931475552645
4,k_proj,model.layers.4.self_attn.k_proj.weight,global,524288,2048,524288,1,0.00036681428900919855,56.85081481933594,0.0672433003783226,0.0672433003783226,1.0,0.0
4,k_proj,model.layers.4.self_attn.k_proj.weight,grouped,512,2048,524288,1024,6.111171387601644e-05,22.347068786621094,0.02521710842847824,0.0672433003783226,6.002356434535482,34.503746032714844
4,k_proj,model.layers.4.self_attn.k_proj.weight,grouped,256,2048,524288,2048,5.089525075163692e-05,20.302200317382812,0.023009080439805984,0.0672433003783226,7.207240038942158,36.548614501953125
4,k_proj,model.layers.4.self_attn.k_proj.weight,grouped,128,2048,524288,4096,4.113990507903509e-05,18.233299255371094,0.020716968923807144,0.0672433003783226,8.916264835917845,38.617515563964844
4,k_proj,model.layers.4.self_attn.k_proj.weight,grouped,64,2048,524288,8192,3.282782563474029e-05,16.27941131591797,0.0185544416308403,0.0672433003783226,11.173883189540723,40.57140350341797
4,k_proj,model.layers.4.self_attn.k_proj.weight,grouped,32,2048,524288,16384,2.5395280317752622e-05,14.278030395507812,0.016371900215744972,0.0672433003783226,14.44419137806391,42.572784423828125
4,k_proj,model.layers.4.self_attn.k_proj.weight,grouped,16,2048,524288,32768,1.8778797311824746e-05,12.315940856933594,0.014211146160960197,0.0672433003783226,19.53342820193393,44.534873962402344
4,o_proj,model.layers.4.self_attn.o_proj.weight,global,4194304,2048,4194304,1,0.0001640971895540133,95.24099826812744,0.0558035708963871,0.0558035708963871,1.0,0.0
4,o_proj,model.layers.4.self_attn.o_proj.weight,grouped,512,2048,4194304,8192,4.00924363930244e-06,19.84531879425049,0.0067987884394824505,0.0558035708963871,40.92971251369603,75.39567947387695
4,o_proj,model.layers.4.self_attn.o_proj.weight,grouped,256,2048,4194304,16384,3.4419003895891365e-06,18.41111183166504,0.006303663831204176,0.0558035708963871,47.676333124097695,76.8298864364624
4,o_proj,model.layers.4.self_attn.o_proj.weight,grouped,128,2048,4194304,32768,2.87925968223135e-06,16.82291030883789,0.005772011820226908,0.0558035708963871,56.99284109964071,78.41808795928955
4,o_proj,model.layers.4.self_attn.o_proj.weight,grouped,64,2048,4194304,65536,2.3452685127267614e-06,15.007734298706055,0.005206159316003323,0.0558035708963871,69.96946774475016,80.23326396942139
4,o_proj,model.layers.4.self_attn.o_proj.weight,grouped,32,2048,4194304,131072,1.8851345657822094e-06,13.473272323608398,0.004684564657509327,0.0558035708963871,87.04799781013169,81.76772594451904
4,o_proj,model.layers.4.self_attn.o_proj.weight,grouped,16,2048,4194304,262144,1.4418835689866683e-06,11.784791946411133,0.00413069874048233,0.0558035708963871,113.80751753023864,83.45620632171631
4,q_proj,model.layers.4.self_attn.q_proj.weight,global,4194304,2048,4194304,1,0.0001686888572294265,66.12327098846436,0.0460379458963871,0.0460379458963871,1.0,0.0
4,q_proj,model.layers.4.self_attn.q_proj.weight,grouped,512,2048,4194304,8192,1.4884433767292649e-05,20.815563201904297,0.012698965147137642,0.0460379458963871,11.333239803861854,45.30770778656006
4,q_proj,model.layers.4.self_attn.q_proj.weight,grouped,256,2048,4194304,16384,1.2631942809093744e-05,19.145631790161133,0.011706246063113213,0.0460379458963871,13.354149854762428,46.97763919830322
4,q_proj,model.layers.4.self_attn.q_proj.weight,grouped,128,2048,4194304,32768,1.0556328561506234e-05,17.530250549316406,0.010724764317274094,0.0460379458963871,15.9798793914536,48.59302043914795
4,q_proj,model.layers.4.self_attn.q_proj.weight,grouped,64,2048,4194304,65536,8.605029506725259e-06,15.8066987991333,0.009704571217298508,0.0460379458963871,19.60351874419347,50.316572189331055
4,q_proj,model.layers.4.self_attn.q_proj.weight,grouped,32,2048,4194304,131072,6.802794359828113e-06,14.042949676513672,0.00865984708070755,0.0460379458963871,24.796994926903654,52.080321311950684
4,q_proj,model.layers.4.self_attn.q_proj.weight,grouped,16,2048,4194304,262144,5.137636890140129e-06,12.213635444641113,0.007587066851556301,0.0460379458963871,32.83393918966225,53.90963554382324
4,up_proj,model.layers.4.mlp.up_proj.weight,global,11534336,2048,11534336,1,0.0001264529419131577,74.87986304543234,0.0396205373108387,0.0396205373108387,1.0,0.0
4,up_proj,model.layers.4.mlp.up_proj.weight,grouped,512,2048,11534336,22528,5.773124939878471e-06,18.9544677734375,0.008225486613810062,0.0396205373108387,21.903725145400998,55.925395271994844
4,up_proj,model.layers.4.mlp.up_proj.weight,grouped,256,2048,11534336,45056,5.010365384805482e-06,17.698001861572266,0.007670972030609846,0.0396205373108387,25.238267511715016,57.18186118386008
4,up_proj,model.layers.4.mlp.up_proj.weight,grouped,128,2048,11534336,90112,4.273138983990066e-06,16.370495882901277,0.007093579042702913,0.0396205373108387,29.59251790941787,58.50936716253106
4,up_proj,model.layers.4.mlp.up_proj.weight,grouped,64,2048,11534336,180224,3.565545057426789e-06,14.975946599786932,0.006490479689091444,0.0396205373108387,35.465248615990646,59.903916445645415
4,up_proj,model.layers.4.mlp.up_proj.weight,grouped,32,2048,11534336,360448,2.8775095870514633e-06,13.472288305109197,0.005850596819072962,0.0396205373108387,43.9452721485915,61.40757474032315
4,up_proj,model.layers.4.mlp.up_proj.weight,grouped,16,2048,11534336,720896,2.208432306360919e-06,11.819449338045986,0.005167138297110796,0.0396205373108387,57.259143306741585,63.06041370738636
4,v_proj,model.layers.4.self_attn.v_proj.weight,global,524288,2048,524288,1,1.0066672984976321e-05,43.44615936279297,0.011021205224096775,0.011021205224096775,1.0,0.0
4,v_proj,model.layers.4.self_attn.v_proj.weight,grouped,512,2048,524288,1024,1.9754222648771247e-06,19.900131225585938,0.00480307824909687,0.011021205224096775,5.095960070897799,23.54602813720703
4,v_proj,model.layers.4.self_attn.v_proj.weight,grouped,256,2048,524288,2048,1.7231647007065476e-06,18.62773895263672,0.004485292360186577,0.011021205224096775,5.841967967918965,24.81842041015625
4,v_proj,model.layers.4.self_attn.v_proj.weight,grouped,128,2048,524288,4096,1.4813335837970953e-06,17.28649139404297,0.004156240727752447,0.011021205224096775,6.79568268422867,26.15966796875
4,v_proj,model.layers.4.self_attn.v_proj.weight,grouped,64,2048,524288,8192,1.238882987308898e-06,15.828132629394531,0.0037991839926689863,0.011021205224096775,8.125604345284579,27.618026733398438
4,v_proj,model.layers.4.self_attn.v_proj.weight,grouped,32,2048,524288,16384,9.964197715817136e-07,14.217948913574219,0.003415940096601844,0.011021205224096775,10.102843472281283,29.22821044921875
4,v_proj,model.layers.4.self_attn.v_proj.weight,grouped,16,2048,524288,32768,7.614550554535526e-07,12.456512451171875,0.003008380066603422,0.011021205224096775,13.220311445670571,30.989646911621094
5,down_proj,model.layers.5.mlp.down_proj.weight,global,11534336,5632,11534336,1,0.00029416425968520343,99.53458959406072,0.0993303582072258,0.0993303582072258,1.0,0.0
5,down_proj,model.layers.5.mlp.down_proj.weight,grouped,512,5632,11534336,22528,5.914090252190363e-06,19.151748310435902,0.008272095583379269,0.0993303582072258,49.739562154340774,80.38284128362481
5,down_proj,model.layers.5.mlp.down_proj.weight,grouped,256,5632,11534336,45056,5.090502781968098e-06,17.828984694047406,0.007698902394622564,0.0993303582072258,57.78687730556022,81.70560490001331
5,down_proj,model.layers.5.mlp.down_proj.weight,grouped,128,5632,11534336,90112,4.3147915675945114e-06,16.442359577525746,0.007103027310222387,0.0993303582072258,68.1757751392843,83.09223001653497
5,down_proj,model.layers.5.mlp.down_proj.weight,grouped,64,5632,11534336,180224,3.5879600090993335e-06,15.007149089466441,0.006489884573966265,0.0993303582072258,81.98649342221792,84.52744050459428
5,down_proj,model.layers.5.mlp.down_proj.weight,grouped,32,5632,11534336,360448,2.887283926611417e-06,13.47491524436257,0.005843764171004295,0.0993303582072258,101.88269223333411,86.05967434969816
5,down_proj,model.layers.5.mlp.down_proj.weight,grouped,16,5632,11534336,720896,2.2085064301791135e-06,11.7927377874201,0.00515438336879015,0.0993303582072258,133.19601684897347,87.74185180664062
5,gate_proj,model.layers.5.mlp.gate_proj.weight,global,11534336,2048,11534336,1,0.0003484183980617672,98.61907958984375,0.0954241082072258,0.0954241082072258,1.0,0.0
5,gate_proj,model.layers.5.mlp.gate_proj.weight,grouped,512,2048,11534336,22528,7.279350029421039e-06,19.065120003440164,0.009134205989539623,0.0954241082072258,47.86394343637279,79.55395958640358
5,gate_proj,model.layers.5.mlp.gate_proj.weight,grouped,256,2048,11534336,45056,6.27346935289097e-06,17.75802265514027,0.008501652628183365,0.0954241082072258,55.53839167178005,80.86105693470348
5,gate_proj,model.layers.5.mlp.gate_proj.weight,grouped,128,2048,11534336,90112,5.313628207659349e-06,16.40715165571733,0.007850364781916142,0.0954241082072258,65.57071448083971,82.21192793412642
5,gate_proj,model.layers.5.mlp.gate_proj.weight,grouped,64,2048,11534336,180224,4.410690962686203e-06,14.980723641135476,0.007172067184001207,0.0954241082072258,78.99406261044712,83.63835594870827
5,gate_proj,model.layers.5.mlp.gate_proj.weight,grouped,32,2048,11534336,360448,3.544282662915066e-06,13.4589975530451,0.006457847077399492,0.0954241082072258,98.30434849550164,85.16008203679866
5,gate_proj,model.layers.5.mlp.gate_proj.weight,grouped,16,2048,11534336,720896,2.7112450879940297e-06,11.791645396839488,0.005697735119611025,0.0954241082072258,128.5086322902485,86.82743419300427
5,k_proj,model.layers.5.self_attn.k_proj.weight,global,524288,2048,524288,1,0.00023161568969953805,46.846961975097656,0.0532924123108387,0.0532924123108387,1.0,0.0
5,k_proj,model.layers.5.self_attn.k_proj.weight,grouped,512,2048,524288,1024,5.662237890646793e-05,22.14336395263672,0.024910416454076767,0.0532924123108387,4.090532651094262,24.703598022460938
5,k_proj,model.layers.5.self_attn.k_proj.weight,grouped,256,2048,524288,2048,4.7796289436519146e-05,20.07770538330078,0.022792670875787735,0.0532924123108387,4.845892692301135,26.769256591796875
5,k_proj,model.layers.5.self_attn.k_proj.weight,grouped,128,2048,524288,4096,3.9668011595495045e-05,18.11542510986328,0.020710071548819542,0.0532924123108387,5.838853030027899,28.731536865234375
5,k_proj,model.layers.5.self_attn.k_proj.weight,grouped,64,2048,524288,8192,3.2321258913725615e-05,16.180801391601562,0.018654266372323036,0.0532924123108387,7.1660479041916165,30.666160583496094
5,k_proj,model.layers.5.self_attn.k_proj.weight,grouped,32,2048,524288,16384,2.55278773693135e-05,14.266204833984375,0.01657876931130886,0.0532924123108387,9.073049292298707,32.58075714111328
5,k_proj,model.layers.5.self_attn.k_proj.weight,grouped,16,2048,524288,32768,1.92051702470053e-05,12.307548522949219,0.014467735774815083,0.0532924123108387,12.060069591710823,34.53941345214844
5,o_proj,model.layers.5.self_attn.o_proj.weight,global,4194304,2048,4194304,1,0.00019403771148063242,97.98901081085205,0.0680803582072258,0.0680803582072258,1.0,0.0
5,o_proj,model.layers.5.self_attn.o_proj.weight,grouped,512,2048,4194304,8192,4.301070021028863e-06,19.237303733825684,0.0069652134552598,0.0680803582072258,45.11382296310918,78.75170707702637
5,o_proj,model.layers.5.self_attn.o_proj.weight,grouped,256,2048,4194304,16384,3.647036237452994e-06,17.829418182373047,0.006448609754443169,0.0680803582072258,53.20421812319142,80.159592628479
5,o_proj,model.layers.5.self_attn.o_proj.weight,grouped,128,2048,4194304,32768,3.052372903766809e-06,16.359806060791016,0.005920019932091236,0.0680803582072258,63.56946467490207,81.62920475006104
5,o_proj,model.layers.5.self_attn.o_proj.weight,grouped,64,2048,4194304,65536,2.5003885184560204e-06,14.81311321258545,0.005374549888074398,0.0680803582072258,77.60302450934702,83.1758975982666
5,o_proj,model.layers.5.self_attn.o_proj.weight,grouped,32,2048,4194304,131072,2.0194706848997157e-06,13.347554206848145,0.004850530531257391,0.0680803582072258,96.08345044645601,84.6414566040039
5,o_proj,model.layers.5.self_attn.o_proj.weight,grouped,16,2048,4194304,262144,1.549006583445589e-06,11.72494888305664,0.004285493399947882,0.0680803582072258,125.26590497053769,86.26406192779541
5,q_proj,model.layers.5.self_attn.q_proj.weight,global,4194304,2048,4194304,1,0.0001356566499453038,59.60216522216797,0.041015625,0.041015625,1.0,0.0
5,q_proj,model.layers.5.self_attn.q_proj.weight,grouped,512,2048,4194304,8192,1.4909554010955617e-05,20.371651649475098,0.012867333367466927,0.041015625,9.098639023382095,39.23051357269287
5,q_proj,model.layers.5.self_attn.q_proj.weight,grouped,256,2048,4194304,16384,1.2828386388719082e-05,18.76974105834961,0.011903931386768818,0.041015625,10.574724352284587,40.83242416381836
5,q_proj,model.layers.5.self_attn.q_proj.weight,grouped,128,2048,4194304,32768,1.0901474524871446e-05,17.255306243896484,0.010967397131025791,0.041015625,12.443880837936785,42.346858978271484
5,q_proj,model.layers.5.self_attn.q_proj.weight,grouped,64,2048,4194304,65536,8.999358215078246e-06,15.602898597717285,0.009961308911442757,0.041015625,15.074036026037254,43.999266624450684
5,q_proj,model.layers.5.self_attn.q_proj.weight,grouped,32,2048,4194304,131072,7.182596164057031e-06,13.883185386657715,0.008915059268474579,0.041015625,18.88685467577217,45.718979835510254
5,q_proj,model.layers.5.self_attn.q_proj.weight,grouped,16,2048,4194304,262144,5.459340172819793e-06,12.063312530517578,0.007826161570847034,0.041015625,24.848543166570263,47.53885269165039
5,up_proj,model.layers.5.mlp.up_proj.weight,global,11534336,2048,11534336,1,0.0001756138080963865,83.70813889936967,0.0485491082072258,0.0485491082072258,1.0,0.0
5,up_proj,model.layers.5.mlp.up_proj.weight,grouped,512,2048,11534336,22528,5.9657195379259065e-06,19.236495278098367,0.008337929844856262,0.0485491082072258,29.43715455947195,64.47164362127131
5,up_proj,model.layers.5.mlp.up_proj.weight,grouped,256,2048,11534336,45056,5.154783139005303e-06,17.92312101884322,0.007763506378978491,0.0485491082072258,34.06812728309536,65.78501788052645
5,up_proj,model.layers.5.mlp.up_proj.weight,grouped,128,2048,11534336,90112,4.380153768579476e-06,16.547428477894176,0.007166045717895031,0.0485491082072258,40.09306918769194,67.1607104214755
5,up_proj,model.layers.5.mlp.up_proj.weight,grouped,64,2048,11534336,180224,3.6408732739801053e-06,15.104562586004084,0.006544642616063356,0.0485491082072258,48.23397983978997,68.6035763133656
5,up_proj,model.layers.5.mlp.up_proj.weight,grouped,32,2048,11534336,360448,2.9291682039911393e-06,13.561162081631748,0.005893034860491753,0.0485491082072258,59.95347343218591,70.14697681773792
5,up_proj,model.layers.5.mlp.up_proj.weight,grouped,16,2048,11534336,720896,2.2422807433031267e-06,11.875083229758523,0.005196475889533758,0.0485491082072258,78.31927764660192,71.83305566961116
5,v_proj,model.layers.5.self_attn.v_proj.weight,global,524288,2048,524288,1,1.7846261471277103e-05,49.17583465576172,0.01471819169819355,0.01471819169819355,1.0,0.0
5,v_proj,model.layers.5.self_attn.v_proj.weight,grouped,512,2048,524288,1024,2.5710576210258296e-06,19.92473602294922,0.0054863011464476585,0.01471819169819355,6.941214123453445,29.2510986328125
5,v_proj,model.layers.5.self_attn.v_proj.weight,grouped,256,2048,524288,2048,2.2296128463494824e-06,18.612289428710938,0.005111677572131157,0.01471819169819355,8.004197455399742,30.56354522705078
5,v_proj,model.layers.5.self_attn.v_proj.weight,grouped,128,2048,524288,4096,1.908452077259426e-06,17.234230041503906,0.0047272443771362305,0.01471819169819355,9.351170869799716,31.941604614257812
5,v_proj,model.layers.5.self_attn.v_proj.weight,grouped,64,2048,524288,8192,1.5949854059726931e-06,15.790748596191406,0.004324805457144976,0.01471819169819355,11.188981042991838,33.38508605957031
5,v_proj,model.layers.5.self_attn.v_proj.weight,grouped,32,2048,524288,16384,1.289032638851495e-06,14.231300354003906,0.003898236434906721,0.01471819169819355,13.844693247781377,34.94453430175781
5,v_proj,model.layers.5.self_attn.v_proj.weight,grouped,16,2048,524288,32768,9.878206128632883e-07,12.522506713867188,0.0034416329581290483,0.01471819169819355,18.066297907621188,36.65332794189453
6,down_proj,model.layers.6.mlp.down_proj.weight,global,11534336,5632,11534336,1,0.00027866329764947295,98.8108981739391,0.0870535746216774,0.0870535746216774,1.0,0.0
6,down_proj,model.layers.6.mlp.down_proj.weight,grouped,512,5632,11534336,22528,6.168902928038733e-06,19.691085815429688,0.008355147205293179,0.0870535746216774,45.17226172953703,79.1198123585094
6,down_proj,model.layers.6.mlp.down_proj.weight,grouped,256,5632,11534336,45056,5.249379228189355e-06,18.258614973588422,0.007739955093711615,0.0870535746216774,53.08500025165662,80.55228320035067
6,down_proj,model.layers.6.mlp.down_proj.weight,grouped,128,5632,11534336,90112,4.398383680381812e-06,16.78949702869762,0.007115867920219898,0.0870535746216774,63.35584112236496,82.02140114524147
6,down_proj,model.layers.6.mlp.down_proj.weight,grouped,64,5632,11534336,180224,3.612194404922775e-06,15.258511629971592,0.006474645342677832,0.0870535746216774,77.145155108403,83.5523865439675
6,down_proj,model.layers.6.mlp.down_proj.weight,grouped,32,5632,11534336,360448,2.8796114293072606e-06,13.654162667014383,0.00581031758338213,0.0870535746216774,96.7711458613394,85.15673550692472
6,down_proj,model.layers.6.mlp.down_proj.weight,grouped,16,5632,11534336,720896,2.189173528677202e-06,11.926260861483486,0.005112231243401766,0.0870535746216774,127.29155272485593,86.88463731245561
6,gate_proj,model.layers.6.mlp.gate_proj.weight,global,11534336,2048,11534336,1,0.00026893860194832087,90.11423804543234,0.0641741082072258,0.0641741082072258,1.0,0.0
6,gate_proj,model.layers.6.mlp.gate_proj.weight,grouped,512,2048,11534336,22528,7.5582738645607606e-06,19.16404203935103,0.009305895306169987,0.0641741082072258,35.58201340246751,70.95019600608131
6,gate_proj,model.layers.6.mlp.gate_proj.weight,grouped,256,2048,11534336,45056,6.503759777842788e-06,17.813093012029473,0.008649029769003391,0.0641741082072258,41.35125083563961,72.30114503340288
6,gate_proj,model.layers.6.mlp.gate_proj.weight,grouped,128,2048,11534336,90112,5.519807928067166e-06,16.43474752252752,0.007981250993907452,0.0641741082072258,48.72245655158028,73.67949052290483
6,gate_proj,model.layers.6.mlp.gate_proj.weight,grouped,64,2048,11534336,180224,4.5832634896214586e-06,14.99547091397372,0.007288725581020117,0.0641741082072258,58.67840733078452,75.11876713145863
6,gate_proj,model.layers.6.mlp.gate_proj.weight,grouped,32,2048,11534336,360448,3.6849576190434163e-06,13.461685180664062,0.006560408975929022,0.0641741082072258,72.98282090368654,76.65255286476828
6,gate_proj,model.layers.6.mlp.gate_proj.weight,grouped,16,2048,11534336,720896,2.8186666440888075e-06,11.78909648548473,0.005785839632153511,0.0641741082072258,95.41341205152014,78.32514155994761
6,k_proj,model.layers.6.self_attn.k_proj.weight,global,524288,2048,524288,1,0.0002781569492071867,53.94268035888672,0.05859375,0.05859375,1.0,0.0
6,k_proj,model.layers.6.self_attn.k_proj.weight,grouped,512,2048,524288,1024,5.0658214604482055e-05,21.100425720214844,0.022861307486891747,0.05859375,5.490855755160712,32.842254638671875
6,k_proj,model.layers.6.self_attn.k_proj.weight,grouped,256,2048,524288,2048,4.2858333472395316e-05,19.374656677246094,0.02102627046406269,0.05859375,6.490148511872147,34.568023681640625
6,k_proj,model.layers.6.self_attn.k_proj.weight,grouped,128,2048,524288,4096,3.5665740142576396e-05,17.70954132080078,0.019204245880246162,0.05859375,7.798995565358633,36.23313903808594
6,k_proj,model.layers.6.self_attn.k_proj.weight,grouped,64,2048,524288,8192,2.9116054065525532e-05,15.998077392578125,0.017356300726532936,0.05859375,9.553387577217569,37.944602966308594
6,k_proj,model.layers.6.self_attn.k_proj.weight,grouped,32,2048,524288,16384,2.2876511138747446e-05,14.168739318847656,0.015428010374307632,0.05859375,12.159063395644017,39.77394104003906
6,k_proj,model.layers.6.self_attn.k_proj.weight,grouped,16,2048,524288,32768,1.7123935322160833e-05,12.237739562988281,0.0134642468765378,0.05859375,16.243751449306846,41.70494079589844
6,o_proj,model.layers.6.self_attn.o_proj.weight,global,4194304,2048,4194304,1,0.0001694342790869996,96.69923782348633,0.0608258917927742,0.0608258917927742,1.0,0.0
6,o_proj,model.layers.6.self_attn.o_proj.weight,grouped,512,2048,4194304,8192,4.289570370019646e-06,20.540642738342285,0.006941033992916346,0.0608258917927742,39.4991256633059,76.15859508514404
6,o_proj,model.layers.6.self_attn.o_proj.weight,grouped,256,2048,4194304,16384,3.5825037230097223e-06,18.688154220581055,0.006348973605781794,0.0608258917927742,47.29493454501004,78.01108360290527
6,o_proj,model.layers.6.self_attn.o_proj.weight,grouped,128,2048,4194304,32768,2.9589746191049926e-06,16.910314559936523,0.005774852819740772,0.0608258917927742,57.261146477237695,79.7889232635498
6,o_proj,model.layers.6.self_attn.o_proj.weight,grouped,64,2048,4194304,65536,2.3567092739540385e-06,14.974784851074219,0.0051557691767811775,0.0608258917927742,71.89443388692838,81.72445297241211
6,o_proj,model.layers.6.self_attn.o_proj.weight,grouped,32,2048,4194304,131072,1.899504468383384e-06,13.454771041870117,0.004645483568310738,0.0608258917927742,89.19920005831861,83.24446678161621
6,o_proj,model.layers.6.self_attn.o_proj.weight,grouped,16,2048,4194304,262144,1.4560323506884743e-06,11.777734756469727,0.004099616780877113,0.0608258917927742,116.36711162831227,84.9215030670166
6,q_proj,model.layers.6.self_attn.q_proj.weight,global,4194304,2048,4194304,1,0.00017368016415275633,68.97609233856201,0.0477120541036129,0.0477120541036129,1.0,0.0
6,q_proj,model.layers.6.self_attn.q_proj.weight,grouped,512,2048,4194304,8192,1.5069512301124632e-05,20.80707550048828,0.012561764568090439,0.0477120541036129,11.525267751352155,48.16901683807373
6,q_proj,model.layers.6.self_attn.q_proj.weight,grouped,256,2048,4194304,16384,1.276180410059169e-05,19.087910652160645,0.011549092829227448,0.0477120541036129,13.609373939904296,49.88818168640137
6,q_proj,model.layers.6.self_attn.q_proj.weight,grouped,128,2048,4194304,32768,1.068824713001959e-05,17.465806007385254,0.010579213500022888,0.0477120541036129,16.24963963126833,51.51028633117676
6,q_proj,model.layers.6.self_attn.q_proj.weight,grouped,64,2048,4194304,65536,8.763096957409289e-06,15.785574913024902,0.009585623629391193,0.0477120541036129,19.819495892477597,53.19051742553711
6,q_proj,model.layers.6.self_attn.q_proj.weight,grouped,32,2048,4194304,131072,6.960427526792046e-06,14.048528671264648,0.008564568124711514,0.0477120541036129,24.952513833988995,54.92756366729736
6,q_proj,model.layers.6.self_attn.q_proj.weight,grouped,16,2048,4194304,262144,5.26264784639352e-06,12.204623222351074,0.007503591012209654,0.0477120541036129,33.00242942757018,56.77146911621094
6,up_proj,model.layers.6.mlp.up_proj.weight,global,11534336,2048,11534336,1,0.00018769968301057816,86.65654442527078,0.0513392873108387,0.0513392873108387,1.0,0.0
6,up_proj,model.layers.6.mlp.up_proj.weight,grouped,512,2048,11534336,22528,5.902532848267583e-06,19.41541324962269,0.008277049288153648,0.0513392873108387,31.79985403480961,67.24113117564809
6,up_proj,model.layers.6.mlp.up_proj.weight,grouped,256,2048,11534336,45056,5.072331077826675e-06,18.058022585782137,0.0076905954629182816,0.0513392873108387,37.004619795244366,68.59852183948864
6,up_proj,model.layers.6.mlp.up_proj.weight,grouped,128,2048,11534336,90112,4.294002337701386e-06,16.648639332164418,0.007088491693139076,0.0513392873108387,43.712058878630074,70.00790509310636
6,up_proj,model.layers.6.mlp.up_proj.weight,grouped,64,2048,11534336,180224,3.5597413443611003e-06,15.180371024391867,0.006465940270572901,0.0513392873108387,52.72846110235191,71.4761734008789
6,up_proj,model.layers.6.mlp.up_proj.weight,grouped,32,2048,11534336,360448,2.8568808829732006e-06,13.61074447631836,0.005814720410853624,0.0513392873108387,65.70091323346885,73.04579994895242
6,up_proj,model.layers.6.mlp.up_proj.weight,grouped,16,2048,11534336,720896,2.1826460852025775e-06,11.910741979425604,0.005124712362885475,0.0513392873108387,85.9963895581162,74.74580244584517
6,v_proj,model.layers.6.self_attn.v_proj.weight,global,524288,2048,524288,1,7.445365554303862e-06,36.649513244628906,0.009486607275903225,0.009486607275903225,1.0,0.0
6,v_proj,model.layers.6.self_attn.v_proj.weight,grouped,512,2048,524288,1024,2.480397597537376e-06,20.481491088867188,0.00531407818198204,0.009486607275903225,3.001682295489996,16.16802215576172
6,v_proj,model.layers.6.self_attn.v_proj.weight,grouped,256,2048,524288,2048,2.1791090603073826e-06,19.22149658203125,0.004975353367626667,0.009486607275903225,3.4167016648784103,17.428016662597656
6,v_proj,model.layers.6.self_attn.v_proj.weight,grouped,128,2048,524288,4096,1.8699555539569701e-06,17.83428192138672,0.004602342844009399,0.009486607275903225,3.98157353983569,18.815231323242188
6,v_proj,model.layers.6.self_attn.v_proj.weight,grouped,64,2048,524288,8192,1.562006218591705e-06,16.34387969970703,0.004205657634884119,0.009486607275903225,4.766540277295795,20.305633544921875
6,v_proj,model.layers.6.self_attn.v_proj.weight,grouped,32,2048,524288,16384,1.2590844562510028e-06,14.715957641601562,0.0037857508286833763,0.009486607275903225,5.913317027574839,21.933555603027344
6,v_proj,model.layers.6.self_attn.v_proj.weight,grouped,16,2048,524288,32768,9.624681069908547e-07,12.890815734863281,0.0033319094218313694,0.009486607275903225,7.735701058793222,23.758697509765625
7,down_proj,model.layers.7.mlp.down_proj.weight,global,11534336,5632,11534336,1,0.0002782603551167995,99.98228766701438,0.1450892835855484,0.1450892835855484,1.0,0.0
7,down_proj,model.layers.7.mlp.down_proj.weight,grouped,512,5632,11534336,22528,6.078675141907297e-06,20.27587890625,0.008279751986265182,0.1450892835855484,45.77648066737946,79.70640876076438
7,down_proj,model.layers.7.mlp.down_proj.weight,grouped,256,5632,11534336,45056,5.105080163048115e-06,18.70914806019176,0.007635686080902815,0.1450892835855484,54.506559393703476,81.27313960682261
7,down_proj,model.layers.7.mlp.down_proj.weight,grouped,128,5632,11534336,90112,4.256928605173016e-06,17.12979403409091,0.006997684016823769,0.1450892835855484,65.36646040496375,82.85249363292347
7,down_proj,model.layers.7.mlp.down_proj.weight,grouped,64,5632,11534336,180224,3.4820748169295257e-06,15.50629355690696,0.006352233700454235,0.1450892835855484,79.91222755005819,84.47599411010742
7,down_proj,model.layers.7.mlp.down_proj.weight,grouped,32,5632,11534336,360448,2.7677590423991205e-06,13.824965737082742,0.005689650308340788,0.1450892835855484,100.53633674541288,86.15732192993164
7,down_proj,model.layers.7.mlp.down_proj.weight,grouped,16,5632,11534336,720896,2.098600589306443e-06,12.036462263627486,0.004997754469513893,0.1450892835855484,132.59328932560743,87.94582540338689
7,gate_proj,model.layers.7.mlp.gate_proj.weight,global,11534336,2048,11534336,1,0.00021871435455977917,81.29673871127042,0.0538504458963871,0.0538504458963871,1.0,0.0
7,gate_proj,model.layers.7.mlp.gate_proj.weight,grouped,512,2048,11534336,22528,8.85924691829132e-06,19.63756734674627,0.009992675855755806,0.0538504458963871,24.687691468245312,61.659171364524155
7,gate_proj,model.layers.7.mlp.gate_proj.weight,grouped,256,2048,11534336,45056,7.6106675805931445e-06,18.237972259521484,0.009281580336391926,0.0538504458963871,28.737867242748955,63.05876645174894
7,gate_proj,model.layers.7.mlp.gate_proj.weight,grouped,128,2048,11534336,90112,6.421105354093015e-06,16.751636158336293,0.008542281575500965,0.0538504458963871,34.06179193436902,64.54510255293413
7,gate_proj,model.layers.7.mlp.gate_proj.weight,grouped,64,2048,11534336,180224,5.305552349454956e-06,15.221899205988104,0.007782250642776489,0.0538504458963871,41.22367289095694,66.07483950528231
7,gate_proj,model.layers.7.mlp.gate_proj.weight,grouped,32,2048,11534336,360448,4.247308879712364e-06,13.611828197132457,0.00698830233886838,0.0538504458963871,51.49480783102145,67.68491051413797
7,gate_proj,model.layers.7.mlp.gate_proj.weight,grouped,16,2048,11534336,720896,3.2377802199334837e-06,11.887541684237393,0.006152356043457985,0.0538504458963871,67.55071058043353,69.40919702703303
7,k_proj,model.layers.7.self_attn.k_proj.weight,global,524288,2048,524288,1,0.00037443701876327395,64.0756607055664,0.0689174085855484,0.0689174085855484,1.0,0.0
7,k_proj,model.layers.7.self_attn.k_proj.weight,grouped,512,2048,524288,1024,4.466239261091687e-05,20.65277099609375,0.021181346848607063,0.0689174085855484,8.383720550424565,43.422889709472656
7,k_proj,model.layers.7.self_attn.k_proj.weight,grouped,256,2048,524288,2048,3.725811984622851e-05,18.836021423339844,0.019357146695256233,0.0689174085855484,10.049809821554286,45.23963928222656
7,k_proj,model.layers.7.self_attn.k_proj.weight,grouped,128,2048,524288,4096,3.116225707344711e-05,17.142868041992188,0.017692897468805313,0.0689174085855484,12.015722028117345,46.93279266357422
7,k_proj,model.layers.7.self_attn.k_proj.weight,grouped,64,2048,524288,8192,2.5581139198038727e-05,15.500640869140625,0.01602615974843502,0.0689174085855484,14.637230025783275,48.57501983642578
7,k_proj,model.layers.7.self_attn.k_proj.weight,grouped,32,2048,524288,16384,2.0221612430759706e-05,13.766670227050781,0.014298301190137863,0.0689174085855484,18.516674673959557,50.308990478515625
7,k_proj,model.layers.7.self_attn.k_proj.weight,grouped,16,2048,524288,32768,1.529128712718375e-05,12.022781372070312,0.01254317257553339,0.0689174085855484,24.48695231793972,52.052879333496094
7,o_proj,model.layers.7.self_attn.o_proj.weight,global,4194304,2048,4194304,1,0.0001599217066541314,91.69268608093262,0.0513392873108387,0.0513392873108387,1.0,0.0
7,o_proj,model.layers.7.self_attn.o_proj.weight,grouped,512,2048,4194304,8192,4.806533524970291e-06,20.196104049682617,0.007326181046664715,0.0513392873108387,33.27173436392912,71.49658203125
7,o_proj,model.layers.7.self_attn.o_proj.weight,grouped,256,2048,4194304,16384,4.052878011862049e-06,18.600034713745117,0.00675035547465086,0.0513392873108387,39.458800927654174,73.0926513671875
7,o_proj,model.layers.7.self_attn.o_proj.weight,grouped,128,2048,4194304,32768,3.3031915336323436e-06,16.758418083190918,0.006103886291384697,0.0513392873108387,48.41430023837402,74.9342679977417
7,o_proj,model.layers.7.self_attn.o_proj.weight,grouped,64,2048,4194304,65536,2.639126932990621e-06,14.853644371032715,0.005460090935230255,0.0513392873108387,60.596443715918745,76.8390417098999
7,o_proj,model.layers.7.self_attn.o_proj.weight,grouped,32,2048,4194304,131072,2.130659822796588e-06,13.370919227600098,0.004924658220261335,0.0513392873108387,75.05736248606166,78.32176685333252
7,o_proj,model.layers.7.self_attn.o_proj.weight,grouped,16,2048,4194304,262144,1.6340071624654229e-06,11.73086166381836,0.004349086433649063,0.0513392873108387,97.87087249534349,79.96182441711426
7,q_proj,model.layers.7.self_attn.q_proj.weight,global,4194304,2048,4194304,1,0.00038701508310623467,89.01219367980957,0.0814732164144516,0.0814732164144516,1.0,0.0
7,q_proj,model.layers.7.self_attn.q_proj.weight,grouped,512,2048,4194304,8192,1.6245960068772547e-05,20.235705375671387,0.012466652318835258,0.0814732164144516,23.822235279904596,68.77648830413818
7,q_proj,model.layers.7.self_attn.q_proj.weight,grouped,256,2048,4194304,16384,1.3472753380483482e-05,18.558549880981445,0.011411570012569427,0.0814732164144516,28.72576021964905,70.45364379882812
7,q_proj,model.layers.7.self_attn.q_proj.weight,grouped,128,2048,4194304,32768,1.1121398529212456e-05,17.036747932434082,0.010435152798891068,0.0814732164144516,34.79913808408775,71.97544574737549
7,q_proj,model.layers.7.self_attn.q_proj.weight,grouped,64,2048,4194304,65536,9.027024134411477e-06,15.44499397277832,0.009448511525988579,0.0814732164144516,42.87294210623781,73.56719970703125
7,q_proj,model.layers.7.self_attn.q_proj.weight,grouped,32,2048,4194304,131072,7.122363967937417e-06,13.787174224853516,0.008443605154752731,0.0814732164144516,54.338009802426775,75.22501945495605
7,q_proj,model.layers.7.self_attn.q_proj.weight,grouped,16,2048,4194304,262144,5.364541721064597e-06,12.011551856994629,0.00740477629005909,0.0814732164144516,72.14317703720482,77.00064182281494
7,up_proj,model.layers.7.mlp.up_proj.weight,global,11534336,2048,11534336,1,0.0001928551064338535,88.73265873302113,0.0532924123108387,0.0532924123108387,1.0,0.0
7,up_proj,model.layers.7.mlp.up_proj.weight,grouped,512,2048,11534336,22528,5.834715466335183e-06,19.818531383167613,0.008196715265512466,0.0532924123108387,33.053043896755234,68.91412734985352
7,up_proj,model.layers.7.mlp.up_proj.weight,grouped,256,2048,11534336,45056,4.999460088583874e-06,18.41589320789684,0.007610530126839876,0.0532924123108387,38.57518672350895,70.31676552512428
7,up_proj,model.layers.7.mlp.up_proj.weight,grouped,128,2048,11534336,90112,4.2184192352578975e-06,16.939509998668324,0.007006631698459387,0.0532924123108387,45.717387409471904,71.7931487343528
7,up_proj,model.layers.7.mlp.up_proj.weight,grouped,64,2048,11534336,180224,3.4813826914614765e-06,15.398519689386541,0.006379615981131792,0.0532924123108387,55.3961237604974,73.33413904363458
7,up_proj,model.layers.7.mlp.up_proj.weight,grouped,32,2048,11534336,360448,2.7856824544869596e-06,13.777117295698686,0.005727473180741072,0.0532924123108387,69.2308292796322,74.95554143732244
7,up_proj,model.layers.7.mlp.up_proj.weight,grouped,16,2048,11534336,720896,2.1198015929257963e-06,12.018585205078125,0.005038212053477764,0.0532924123108387,90.97790428946263,76.714073527943
7,v_proj,model.layers.7.self_attn.v_proj.weight,global,524288,2048,524288,1,1.6135927580762655e-05,44.90222930908203,0.014020646922290325,0.014020646922290325,1.0,0.0
7,v_proj,model.layers.7.self_attn.v_proj.weight,grouped,512,2048,524288,1024,3.320903715575696e-06,20.64666748046875,0.006136502604931593,0.014020646922290325,4.858896542252026,24.25556182861328
7,v_proj,model.layers.7.self_attn.v_proj.weight,grouped,256,2048,524288,2048,2.9008779165451415e-06,19.36798095703125,0.00573068019002676,0.014020646922290325,5.56242904561115,25.53424835205078
7,v_proj,model.layers.7.self_attn.v_proj.weight,grouped,128,2048,524288,4096,2.4805040084174834e-06,17.928695678710938,0.005296735092997551,0.014020646922290325,6.50510038524674,26.973533630371094
7,v_proj,model.layers.7.self_attn.v_proj.weight,grouped,64,2048,524288,8192,2.0714246602437925e-06,16.488265991210938,0.0048468997702002525,0.014020646922290325,7.789772850760388,28.413963317871094
7,v_proj,model.layers.7.self_attn.v_proj.weight,grouped,32,2048,524288,16384,1.6686083199601853e-06,14.872550964355469,0.004360967315733433,0.014020646922290325,9.670290737341928,30.029678344726562
7,v_proj,model.layers.7.self_attn.v_proj.weight,grouped,16,2048,524288,32768,1.2719262940663612e-06,13.069343566894531,0.0038385726511478424,0.014020646922290325,12.68621275936983,31.8328857421875
8,down_proj,model.layers.8.mlp.down_proj.weight,global,11534336,5632,11534336,1,0.0002868937444873154,99.36174045909534,0.0948660746216774,0.0948660746216774,1.0,0.0
8,down_proj,model.layers.8.mlp.down_proj.weight,grouped,512,5632,11534336,22528,6.2344765865418594e-06,19.56830458207564,0.008358929306268692,0.0948660746216774,46.0172943959117,79.7934358770197
8,down_proj,model.layers.8.mlp.down_proj.weight,grouped,256,5632,11534336,45056,5.242828592599835e-06,18.10327009721236,0.007724447641521692,0.0948660746216774,54.72117568219971,81.25847036188298
8,down_proj,model.layers.8.mlp.down_proj.weight,grouped,128,5632,11534336,90112,4.371628165245056e-06,16.62771051580256,0.007096556015312672,0.0948660746216774,65.62629154239454,82.73402994329278
8,down_proj,model.layers.8.mlp.down_proj.weight,grouped,64,5632,11534336,180224,3.5928426314058015e-06,15.126592462713068,0.006462362129241228,0.0948660746216774,79.85146412467837,84.23514799638228
8,down_proj,model.layers.8.mlp.down_proj.weight,grouped,32,5632,11534336,360448,2.8725908123306e-06,13.562349839643998,0.005807623267173767,0.0948660746216774,99.87281977503501,85.79939061945134
8,down_proj,model.layers.8.mlp.down_proj.weight,grouped,16,5632,11534336,720896,2.1896719317737734e-06,11.860266598788174,0.005116695072501898,0.0948660746216774,131.02133718036623,87.50147386030717
8,gate_proj,model.layers.8.mlp.gate_proj.weight,global,11534336,2048,11534336,1,0.0003298609226476401,94.09541216763583,0.0764508917927742,0.0764508917927742,1.0,0.0
8,gate_proj,model.layers.8.mlp.gate_proj.weight,grouped,512,2048,11534336,22528,8.123293810058385e-06,19.170362299138848,0.009637094102799892,0.0764508917927742,40.60679452948031,74.92504986849698
8,gate_proj,model.layers.8.mlp.gate_proj.weight,grouped,256,2048,11534336,45056,6.996272986725671e-06,17.837134274569426,0.008961754851043224,0.0764508917927742,47.14809203035664,76.2582778930664
8,gate_proj,model.layers.8.mlp.gate_proj.weight,grouped,128,2048,11534336,90112,5.9285298448230606e-06,16.464007984508168,0.008268390782177448,0.0764508917927742,55.63958203494292,77.63140418312766
8,gate_proj,model.layers.8.mlp.gate_proj.weight,grouped,64,2048,11534336,180224,4.914273176837014e-06,15.020509199662643,0.007547228131443262,0.0764508917927742,67.12303341263363,79.07490296797319
8,gate_proj,model.layers.8.mlp.gate_proj.weight,grouped,32,2048,11534336,360448,3.945874595956411e-06,13.485821810635654,0.0067909792996943,0.0764508917927742,83.5964029332482,80.60959035700017
8,gate_proj,model.layers.8.mlp.gate_proj.weight,grouped,16,2048,11534336,720896,3.0152361887303414e-06,11.812912334095348,0.005987748969346285,0.0764508917927742,109.39803783216674,82.28249983354048
8,k_proj,model.layers.8.self_attn.k_proj.weight,global,524288,2048,524288,1,0.0003241083468310535,57.97252655029297,0.0638950914144516,0.0638950914144516,1.0,0.0
8,k_proj,model.layers.8.self_attn.k_proj.weight,grouped,512,2048,524288,1024,5.374217653297819e-05,21.869277954101562,0.023351669311523438,0.0638950914144516,6.030800532095469,36.103248596191406
8,k_proj,model.layers.8.self_attn.k_proj.weight,grouped,256,2048,524288,2048,4.543447357718833e-05,20.13263702392578,0.021490318700671196,0.0638950914144516,7.1335336653659684,37.83988952636719
8,k_proj,model.layers.8.self_attn.k_proj.weight,grouped,128,2048,524288,4096,3.703859692905098e-05,18.199920654296875,0.019451549276709557,0.0638950914144516,8.750556816498662,39.772605895996094
8,k_proj,model.layers.8.self_attn.k_proj.weight,grouped,64,2048,524288,8192,2.971893445646856e-05,16.357040405273438,0.017488164827227592,0.0638950914144516,10.905786252390646,41.61548614501953
8,k_proj,model.layers.8.self_attn.k_proj.weight,grouped,32,2048,524288,16384,2.3017346393316984e-05,14.408111572265625,0.015458507463335991,0.0638950914144516,14.08104745406957,43.564414978027344
8,k_proj,model.layers.8.self_attn.k_proj.weight,grouped,16,2048,524288,32768,1.7096790543291718e-05,12.453460693359375,0.013438470661640167,0.0638950914144516,18.957262534764116,45.519065856933594
8,o_proj,model.layers.8.self_attn.o_proj.weight,global,4194304,2048,4194304,1,0.00020693839178420603,99.81741905212402,0.0987723246216774,0.0987723246216774,1.0,0.0
8,o_proj,model.layers.8.self_attn.o_proj.weight,grouped,512,2048,4194304,8192,4.737667040899396e-06,20.63307762145996,0.007286678068339825,0.0987723246216774,43.67938692139939,79.18434143066406
8,o_proj,model.layers.8.self_attn.o_proj.weight,grouped,256,2048,4194304,16384,3.930527782358695e-06,18.89204978942871,0.006667022127658129,0.0987723246216774,52.64900879546082,80.92536926269531
8,o_proj,model.layers.8.self_attn.o_proj.weight,grouped,128,2048,4194304,32768,3.232107701478526e-06,17.108941078186035,0.006056647747755051,0.0987723246216774,64.02583419158408,82.70847797393799
8,o_proj,model.layers.8.self_attn.o_proj.weight,grouped,64,2048,4194304,65536,2.589256155260955e-06,15.205907821655273,0.005423900205641985,0.0987723246216774,79.92194644926894,84.61151123046875
8,o_proj,model.layers.8.self_attn.o_proj.weight,grouped,32,2048,4194304,131072,2.0673612652899465e-06,13.624310493469238,0.004871233366429806,0.0987723246216774,100.09783740200967,86.19310855865479
8,o_proj,model.layers.8.self_attn.o_proj.weight,grouped,16,2048,4194304,262144,1.572004634908808e-06,11.908268928527832,0.004289212636649609,0.0987723246216774,131.63981020718208,87.90915012359619
8,q_proj,model.layers.8.self_attn.q_proj.weight,global,4194304,2048,4194304,1,0.00028561934595927596,79.61833477020264,0.0647321417927742,0.0647321417927742,1.0,0.0
8,q_proj,model.layers.8.self_attn.q_proj.weight,grouped,512,2048,4194304,8192,1.813554990803823e-05,23.01201820373535,0.013698959723114967,0.0647321417927742,15.749141735850026,56.606316566467285
8,q_proj,model.layers.8.self_attn.q_proj.weight,grouped,256,2048,4194304,16384,1.4696471225761343e-05,20.575404167175293,0.012336624786257744,0.0647321417927742,19.434552796498235,59.042930603027344
8,q_proj,model.layers.8.self_attn.q_proj.weight,grouped,128,2048,4194304,32768,1.19739079309511e-05,18.458080291748047,0.011145403608679771,0.0647321417927742,23.853477712233328,61.16025447845459
8,q_proj,model.layers.8.self_attn.q_proj.weight,grouped,64,2048,4194304,65536,9.644063538871706e-06,16.46709442138672,0.010011749342083931,0.0647321417927742,29.616078824869668,63.15124034881592
8,q_proj,model.layers.8.self_attn.q_proj.weight,grouped,32,2048,4194304,131072,7.571657079097349e-06,14.506697654724121,0.008893724530935287,0.0647321417927742,37.72217137880813,65.11163711547852
8,q_proj,model.layers.8.self_attn.q_proj.weight,grouped,16,2048,4194304,262144,5.690208126907237e-06,12.522482872009277,0.007765129208564758,0.0647321417927742,50.1948855980628,67.09585189819336
8,up_proj,model.layers.8.mlp.up_proj.weight,global,11534336,2048,11534336,1,0.00018331311002839357,85.41320453990589,0.0502232126891613,0.0502232126891613,1.0,0.0
8,up_proj,model.layers.8.mlp.up_proj.weight,grouped,512,2048,11534336,22528,5.9018666433985345e-06,19.216840917413887,0.008280574344098568,0.0502232126891613,31.060191818030376,66.196363622492
8,up_proj,model.layers.8.mlp.up_proj.weight,grouped,256,2048,11534336,45056,5.088443685963284e-06,17.901342565363105,0.0077064381912350655,0.0502232126891613,36.025378552202824,67.51186197454278
8,up_proj,model.layers.8.mlp.up_proj.weight,grouped,128,2048,11534336,90112,4.3259542508167215e-06,16.54158505526456,0.007117359433323145,0.0502232126891613,42.375184618234194,68.87161948464133
8,up_proj,model.layers.8.mlp.up_proj.weight,grouped,64,2048,11534336,180224,3.59364207724866e-06,15.108177878639914,0.006500352639704943,0.0502232126891613,51.01039727605274,70.30502666126597
8,up_proj,model.layers.8.mlp.up_proj.weight,grouped,32,2048,11534336,360448,2.8926767754455796e-06,13.574851642955434,0.005852235481142998,0.0502232126891613,63.371445985407945,71.83835289695045
8,up_proj,model.layers.8.mlp.up_proj.weight,grouped,16,2048,11534336,720896,2.2133158381620888e-06,11.888937516645951,0.005161977838724852,0.0502232126891613,82.82284293443388,73.52426702325994
8,v_proj,model.layers.8.self_attn.v_proj.weight,global,524288,2048,524288,1,1.3467600183503237e-05,43.377113342285156,0.01276506669819355,0.01276506669819355,1.0,0.0
8,v_proj,model.layers.8.self_attn.v_proj.weight,grouped,512,2048,524288,1024,2.887865775846876e-06,20.245933532714844,0.005751320160925388,0.01276506669819355,4.663513206237509,23.131179809570312
8,v_proj,model.layers.8.self_attn.v_proj.weight,grouped,256,2048,524288,2048,2.5095778255490586e-06,18.885231018066406,0.005357767455279827,0.01276506669819355,5.366480388212995,24.49188232421875
8,v_proj,model.layers.8.self_attn.v_proj.weight,grouped,128,2048,524288,4096,2.1495479813893326e-06,17.49706268310547,0.00494997575879097,0.01276506669819355,6.2653173132700335,25.880050659179688
8,v_proj,model.layers.8.self_attn.v_proj.weight,grouped,64,2048,524288,8192,1.7883245391203673e-06,15.977096557617188,0.004518656060099602,0.01276506669819355,7.530847946719792,27.40001678466797
8,v_proj,model.layers.8.self_attn.v_proj.weight,grouped,32,2048,524288,16384,1.4406147101908573e-06,14.36767578125,0.004064308945089579,0.01276506669819355,9.348509416316459,29.009437561035156
8,v_proj,model.layers.8.self_attn.v_proj.weight,grouped,16,2048,524288,32768,1.1003063491443754e-06,12.613105773925781,0.0035790246911346912,0.01276506669819355,12.239864101462256,30.764007568359375
9,down_proj,model.layers.9.mlp.down_proj.weight,global,11534336,5632,11534336,1,0.00024453087826259434,95.47938433560458,0.0680803582072258,0.0680803582072258,1.0,0.0
9,down_proj,model.layers.9.mlp.down_proj.weight,grouped,512,5632,11534336,22528,5.925787718297215e-06,19.74078958684748,0.008248183876276016,0.0680803582072258,41.26554812409998,75.7385947487571
9,down_proj,model.layers.9.mlp.down_proj.weight,grouped,256,5632,11534336,45056,5.043826149631059e-06,18.26769221912731,0.007637843489646912,0.0680803582072258,48.48122655466249,77.21169211647727
9,down_proj,model.layers.9.mlp.down_proj.weight,grouped,128,5632,11534336,90112,4.241619535605423e-06,16.763140938498758,0.007020549848675728,0.0680803582072258,57.65035647585292,78.71624339710581
9,down_proj,model.layers.9.mlp.down_proj.weight,grouped,64,5632,11534336,180224,3.4965266877406975e-06,15.22169980135831,0.006389453541487455,0.0680803582072258,69.93536732322197,80.25768453424627
9,down_proj,model.layers.9.mlp.down_proj.weight,grouped,32,5632,11534336,360448,2.7942928682023194e-06,13.605135137384588,0.0057341475039720535,0.0680803582072258,87.51082645818398,81.87424919821999
9,down_proj,model.layers.9.mlp.down_proj.weight,grouped,16,5632,11534336,720896,2.1298733372532297e-06,11.881750280206854,0.005048055667430162,0.0680803582072258,114.81005653507603,83.59763405539772
9,gate_proj,model.layers.9.mlp.gate_proj.weight,global,11534336,2048,11534336,1,0.0003626951656769961,95.79964551058683,0.0848214253783226,0.0848214253783226,1.0,0.0
9,gate_proj,model.layers.9.mlp.gate_proj.weight,grouped,512,2048,11534336,22528,8.475398317386862e-06,19.154591993852094,0.009820757433772087,0.0848214253783226,42.79387848155111,76.64505351673473
9,gate_proj,model.layers.9.mlp.gate_proj.weight,grouped,256,2048,11534336,45056,7.301870482478989e-06,17.82366145740856,0.009132093749940395,0.0848214253783226,49.671541907966144,77.97598405317827
9,gate_proj,model.layers.9.mlp.gate_proj.weight,grouped,128,2048,11534336,90112,6.187246981426142e-06,16.452485864812676,0.00842474028468132,0.0848214253783226,58.61979758781117,79.34715964577416
9,gate_proj,model.layers.9.mlp.gate_proj.weight,grouped,64,2048,11534336,180224,5.127303666085936e-06,15.006602894176137,0.007688709069043398,0.0848214253783226,70.73799199294727,80.79304261641069
9,gate_proj,model.layers.9.mlp.gate_proj.weight,grouped,32,2048,11534336,360448,4.119101049582241e-06,13.475279374556107,0.006919630337506533,0.0848214253783226,88.05201943608076,82.32436613603072
9,gate_proj,model.layers.9.mlp.gate_proj.weight,grouped,16,2048,11534336,720896,3.14902581521892e-06,11.796873266046697,0.006101841107010841,0.0848214253783226,115.17694263544219,84.00277224454013
9,k_proj,model.layers.9.self_attn.k_proj.weight,global,524288,2048,524288,1,0.00023749281535856426,47.515869140625,0.0535714291036129,0.0535714291036129,1.0,0.0
9,k_proj,model.layers.9.self_attn.k_proj.weight,grouped,512,2048,524288,1024,4.765111953020096e-05,20.01972198486328,0.02277490124106407,0.0535714291036129,4.983992353171113,27.49614715576172
9,k_proj,model.layers.9.self_attn.k_proj.weight,grouped,256,2048,524288,2048,4.0747778257355094e-05,18.462371826171875,0.021040115505456924,0.0535714291036129,5.828362318519687,29.053497314453125
9,k_proj,model.layers.9.self_attn.k_proj.weight,grouped,128,2048,524288,4096,3.4333683288423344e-05,16.936111450195312,0.019297383725643158,0.0535714291036129,6.917195960697938,30.579757690429688
9,k_proj,model.layers.9.self_attn.k_proj.weight,grouped,64,2048,524288,8192,2.820997906383127e-05,15.350151062011719,0.017507893964648247,0.0535714291036129,8.418751918290496,32.16571807861328
9,k_proj,model.layers.9.self_attn.k_proj.weight,grouped,32,2048,524288,16384,2.2576723495149054e-05,13.727569580078125,0.01569531299173832,0.0535714291036129,10.519365903984834,33.788299560546875
9,k_proj,model.layers.9.self_attn.k_proj.weight,grouped,16,2048,524288,32768,1.7157301044790074e-05,11.969947814941406,0.013795165345072746,0.0535714291036129,13.842084762549556,35.545921325683594
9,o_proj,model.layers.9.self_attn.o_proj.weight,global,4194304,2048,4194304,1,0.0001440417254343629,87.63651847839355,0.0457589291036129,0.0457589291036129,1.0,0.0
9,o_proj,model.layers.9.self_attn.o_proj.weight,grouped,512,2048,4194304,8192,4.527761120698415e-06,19.639873504638672,0.007249342277646065,0.0457589291036129,31.81301345070612,67.99664497375488
9,o_proj,model.layers.9.self_attn.o_proj.weight,grouped,256,2048,4194304,16384,3.8483640310005285e-06,18.078184127807617,0.006679262965917587,0.0457589291036129,37.42933991535977,69.55833435058594
9,o_proj,model.layers.9.self_attn.o_proj.weight,grouped,128,2048,4194304,32768,3.2189554985961877e-06,16.49148464202881,0.006105643231421709,0.0457589291036129,44.74797041996407,71.14503383636475
9,o_proj,model.layers.9.self_attn.o_proj.weight,grouped,64,2048,4194304,65536,2.6234390588797396e-06,14.814376831054688,0.005512748844921589,0.0457589291036129,54.90568761138731,72.82214164733887
9,o_proj,model.layers.9.self_attn.o_proj.weight,grouped,32,2048,4194304,131072,2.1237876808299916e-06,13.346457481384277,0.004976518452167511,0.0457589291036129,67.82303463502073,74.29006099700928
9,o_proj,model.layers.9.self_attn.o_proj.weight,grouped,16,2048,4194304,262144,1.6336116459569894e-06,11.714625358581543,0.004399621393531561,0.0457589291036129,88.17378707531282,75.92189311981201
9,q_proj,model.layers.9.self_attn.q_proj.weight,global,4194304,2048,4194304,1,0.00023803026124369353,74.08084869384766,0.0558035708963871,0.0558035708963871,1.0,0.0
9,q_proj,model.layers.9.self_attn.q_proj.weight,grouped,512,2048,4194304,8192,1.548662294226233e-05,20.548176765441895,0.012848859652876854,0.0558035708963871,15.37005595933502,53.53267192840576
9,q_proj,model.layers.9.self_attn.q_proj.weight,grouped,256,2048,4194304,16384,1.2843960575992242e-05,18.687868118286133,0.011728736571967602,0.0558035708963871,18.53246588817911,55.39298057556152
9,q_proj,model.layers.9.self_attn.q_proj.weight,grouped,128,2048,4194304,32768,1.067955145117594e-05,17.043256759643555,0.010718495585024357,0.0558035708963871,22.28841373459404,57.0375919342041
9,q_proj,model.layers.9.self_attn.q_proj.weight,grouped,64,2048,4194304,65536,8.74702527653426e-06,15.438508987426758,0.009721823036670685,0.0558035708963871,27.212709889184833,58.6423397064209
9,q_proj,model.layers.9.self_attn.q_proj.weight,grouped,32,2048,4194304,131072,6.968590241740458e-06,13.785552978515625,0.008709549903869629,0.0558035708963871,34.15759184948772,60.29529571533203
9,q_proj,model.layers.9.self_attn.q_proj.weight,grouped,16,2048,4194304,262144,5.2928180593880825e-06,12.032508850097656,0.007654542103409767,0.0558035708963871,44.9723112664887,62.04833984375
9,up_proj,model.layers.9.mlp.up_proj.weight,global,11534336,2048,11534336,1,0.00010553406900726259,71.17820219560103,0.0359933041036129,0.0359933041036129,1.0,0.0
9,up_proj,model.layers.9.mlp.up_proj.weight,grouped,512,2048,11534336,22528,5.809509730170248e-06,19.33416886763139,0.008218486793339252,0.0359933041036129,18.165744427485432,51.84403332796964
9,up_proj,model.layers.9.mlp.up_proj.weight,grouped,256,2048,11534336,45056,5.007909749110695e-06,18.00290888006037,0.007645814213901758,0.0359933041036129,21.073476618863456,53.17529331554066
9,up_proj,model.layers.9.mlp.up_proj.weight,grouped,128,2048,11534336,90112,4.245804575475631e-06,16.615746238014914,0.007052519824355841,0.0359933041036129,24.856082547190777,54.56245595758612
9,up_proj,model.layers.9.mlp.up_proj.weight,grouped,64,2048,11534336,180224,3.5247919640823966e-06,15.170270746404475,0.006439111661165953,0.0359933041036129,29.94050998829263,56.007931449196555
9,up_proj,model.layers.9.mlp.up_proj.weight,grouped,32,2048,11534336,360448,2.8352669687592424e-06,13.622752102938565,0.005794798023998737,0.0359933041036129,37.221916020644066,57.55545009266247
9,up_proj,model.layers.9.mlp.up_proj.weight,grouped,16,2048,11534336,720896,2.16706530409283e-06,11.921683224764736,0.005107359029352665,0.0359933041036129,48.699071877504366,59.2565189708363
9,v_proj,model.layers.9.self_attn.v_proj.weight,global,524288,2048,524288,1,6.552143531735055e-06,30.25360107421875,0.008893693797290325,0.008893693797290325,1.0,0.0
9,v_proj,model.layers.9.self_attn.v_proj.weight,grouped,512,2048,524288,1024,2.9080763397359988e-06,20.45612335205078,0.005862338002771139,0.008893693797290325,2.253085120980652,9.797477722167969
9,v_proj,model.layers.9.self_attn.v_proj.weight,grouped,256,2048,524288,2048,2.533654196668067e-06,19.14348602294922,0.00547004584223032,0.008893693797290325,2.5860449071351503,11.110115051269531
9,v_proj,model.layers.9.self_attn.v_proj.weight,grouped,128,2048,524288,4096,2.172936547140125e-06,17.778968811035156,0.005062686745077372,0.008893693797290325,3.0153404803092623,12.474632263183594
9,v_proj,model.layers.9.self_attn.v_proj.weight,grouped,64,2048,524288,8192,1.814744450712169e-06,16.28894805908203,0.0046298205852508545,0.008893693797290325,3.6105047898968725,13.964653015136719
9,v_proj,model.layers.9.self_attn.v_proj.weight,grouped,32,2048,524288,16384,1.461861302232137e-06,14.684867858886719,0.004165199119597673,0.008893693797290325,4.482055528613072,15.568733215332031
9,v_proj,model.layers.9.self_attn.v_proj.weight,grouped,16,2048,524288,32768,1.1135799695694004e-06,12.877655029296875,0.0036603431217372417,0.008893693797290325,5.883855412978235,17.375946044921875
10,down_proj,model.layers.10.mlp.down_proj.weight,global,11534336,5632,11534336,1,0.0002821723755914718,98.50878282026811,0.0853794664144516,0.0853794664144516,1.0,0.0
10,down_proj,model.layers.10.mlp.down_proj.weight,grouped,512,5632,11534336,22528,5.931492978561437e-06,19.329495863481,0.008273354731500149,0.0853794664144516,47.57189743144684,79.17928695678711
10,down_proj,model.layers.10.mlp.down_proj.weight,grouped,256,5632,11534336,45056,5.093367235531332e-06,17.9564736106179,0.007687446195632219,0.0853794664144516,55.39996676914187,80.55230920965022
10,down_proj,model.layers.10.mlp.down_proj.weight,grouped,128,5632,11534336,90112,4.31449325333233e-06,16.55466773293235,0.007089293096214533,0.0853794664144516,65.40104689549206,81.95411508733577
10,down_proj,model.layers.10.mlp.down_proj.weight,grouped,64,5632,11534336,180224,3.5816367471852573e-06,15.09720195423473,0.0064742714166641235,0.0853794664144516,78.7830803370068,83.41158086603338
10,down_proj,model.layers.10.mlp.down_proj.weight,grouped,32,5632,11534336,360448,2.880283773265546e-06,13.547879999334162,0.005825720261782408,0.0853794664144516,97.9668663937083,84.96090282093395
10,down_proj,model.layers.10.mlp.down_proj.weight,grouped,16,5632,11534336,720896,2.2030492345948005e-06,11.85097260908647,0.005136122461408377,0.0853794664144516,128.08264616172812,86.65781021118164
10,gate_proj,model.layers.10.mlp.gate_proj.weight,global,11534336,2048,11534336,1,0.00030037006945349276,91.0093220797452,0.0689174085855484,0.0689174085855484,1.0,0.0
10,gate_proj,model.layers.10.mlp.gate_proj.weight,grouped,512,2048,11534336,22528,8.212411557906307e-06,19.14398886940696,0.009690561331808567,0.0689174085855484,36.575135979920354,71.86533321033824
10,gate_proj,model.layers.10.mlp.gate_proj.weight,grouped,256,2048,11534336,45056,7.082261163304793e-06,17.810882221568715,0.009015534073114395,0.0689174085855484,42.411605916172,73.19843985817649
10,gate_proj,model.layers.10.mlp.gate_proj.weight,grouped,128,2048,11534336,90112,6.021732133376645e-06,16.445532712069426,0.008324000984430313,0.0689174085855484,49.881008122003976,74.56378936767578
10,gate_proj,model.layers.10.mlp.gate_proj.weight,grouped,64,2048,11534336,180224,5.0017997637041844e-06,14.99842730435458,0.007600964512676001,0.0689174085855484,60.05239786549304,76.01089477539062
10,gate_proj,model.layers.10.mlp.gate_proj.weight,grouped,32,2048,11534336,360448,4.02197611037991e-06,13.464728268710049,0.006841345224529505,0.0689174085855484,74.68221123399965,77.54459381103516
10,gate_proj,model.layers.10.mlp.gate_proj.weight,grouped,16,2048,11534336,720896,3.0783005513512762e-06,11.797480149702592,0.0060355947352945805,0.0689174085855484,97.57658956388772,79.21184193004261
10,k_proj,model.layers.10.self_attn.k_proj.weight,global,524288,2048,524288,1,0.00034029639209620655,54.06017303466797,0.064453125,0.064453125,1.0,0.0
10,k_proj,model.layers.10.self_attn.k_proj.weight,grouped,512,2048,524288,1024,5.17583466717042e-05,20.34282684326172,0.023721013218164444,0.064453125,6.574715267754937,33.71734619140625
10,k_proj,model.layers.10.self_attn.k_proj.weight,grouped,256,2048,524288,2048,4.3945794459432364e-05,18.71929168701172,0.021828005090355873,0.064453125,7.743548530231807,35.34088134765625
10,k_proj,model.layers.10.self_attn.k_proj.weight,grouped,128,2048,524288,4096,3.680384179460816e-05,17.1142578125,0.019982311874628067,0.064453125,9.246219294042849,36.94591522216797
10,k_proj,model.layers.10.self_attn.k_proj.weight,grouped,64,2048,524288,8192,3.0149778467603028e-05,15.443992614746094,0.018091542646288872,0.064453125,11.286862106196459,38.616180419921875
10,k_proj,model.layers.10.self_attn.k_proj.weight,grouped,32,2048,524288,16384,2.4076445697573945e-05,13.796043395996094,0.016196196898818016,0.064453125,14.133996204036729,40.264129638671875
10,k_proj,model.layers.10.self_attn.k_proj.weight,grouped,16,2048,524288,32768,1.825725303206127e-05,11.986160278320312,0.014202021062374115,0.064453125,18.638970030081605,42.074012756347656
10,o_proj,model.layers.10.self_attn.o_proj.weight,global,4194304,2048,4194304,1,0.00016586162382736802,91.93196296691895,0.0521763376891613,0.0521763376891613,1.0,0.0
10,o_proj,model.layers.10.self_attn.o_proj.weight,grouped,512,2048,4194304,8192,4.62269281342742e-06,19.77517604827881,0.007283802609890699,0.0521763376891613,35.87987143458763,72.15678691864014
10,o_proj,model.layers.10.self_attn.o_proj.weight,grouped,256,2048,4194304,16384,3.875784841511631e-06,18.071341514587402,0.006669898517429829,0.0521763376891613,42.79433214426804,73.86062145233154
10,o_proj,model.layers.10.self_attn.o_proj.weight,grouped,128,2048,4194304,32768,3.231196615161025e-06,16.47622585296631,0.0060929665341973305,0.0521763376891613,51.33133126258316,75.45573711395264
10,o_proj,model.layers.10.self_attn.o_proj.weight,grouped,64,2048,4194304,65536,2.6083391730935546e-06,14.695429801940918,0.005476044025272131,0.0521763376891613,63.5889785877241,77.23653316497803
10,o_proj,model.layers.10.self_attn.o_proj.weight,grouped,32,2048,4194304,131072,2.1147232018847717e-06,13.252878189086914,0.004948209039866924,0.0521763376891613,78.43183622307728,78.67908477783203
10,o_proj,model.layers.10.self_attn.o_proj.weight,grouped,16,2048,4194304,262144,1.6294269471472944e-06,11.653733253479004,0.004378805868327618,0.0521763376891613,101.79138384678667,80.27822971343994
10,q_proj,model.layers.10.self_attn.q_proj.weight,global,4194304,2048,4194304,1,0.00026533592608757317,76.6477108001709,0.0597098208963871,0.0597098208963871,1.0,0.0
10,q_proj,model.layers.10.self_attn.q_proj.weight,grouped,512,2048,4194304,8192,1.5834350051591173e-05,20.54429054260254,0.0129507752135396,0.0597098208963871,16.75698246047743,56.10342025756836
10,q_proj,model.layers.10.self_attn.q_proj.weight,grouped,256,2048,4194304,16384,1.3134893379174173e-05,18.70136260986328,0.01182582788169384,0.0597098208963871,20.20084354154503,57.94634819030762
10,q_proj,model.layers.10.self_attn.q_proj.weight,grouped,128,2048,4194304,32768,1.0941509572148789e-05,17.06526279449463,0.010811468586325645,0.0597098208963871,24.25039473190939,59.58244800567627
10,q_proj,model.layers.10.self_attn.q_proj.weight,grouped,64,2048,4194304,65536,8.956261808634736e-06,15.449142456054688,0.009801344946026802,0.0597098208963871,29.625744731106753,61.19856834411621
10,q_proj,model.layers.10.self_attn.q_proj.weight,grouped,32,2048,4194304,131072,7.118755547708133e-06,13.782453536987305,0.008772304281592369,0.0597098208963871,37.27279639107673,62.865257263183594
10,q_proj,model.layers.10.self_attn.q_proj.weight,grouped,16,2048,4194304,262144,5.396295819082297e-06,12.012577056884766,0.007703440263867378,0.0597098208963871,49.17001124165514,64.63513374328613
10,up_proj,model.layers.10.mlp.up_proj.weight,global,11534336,2048,11534336,1,0.00012758132652379572,75.07986588911577,0.0398995541036129,0.0398995541036129,1.0,0.0
10,up_proj,model.layers.10.mlp.up_proj.weight,grouped,512,2048,11534336,22528,5.9373137446527835e-06,19.208327206698332,0.008331836201250553,0.0398995541036129,21.48805537499126,55.87153868241744
10,up_proj,model.layers.10.mlp.up_proj.weight,grouped,256,2048,11534336,45056,5.138758297107415e-06,17.90644038807262,0.007761470507830381,0.0398995541036129,24.82726743454945,57.17342550104314
10,up_proj,model.layers.10.mlp.up_proj.weight,grouped,128,2048,11534336,90112,4.378255198389525e-06,16.55432094227184,0.007171605248004198,0.0398995541036129,29.139764756226317,58.52554494684392
10,up_proj,model.layers.10.mlp.up_proj.weight,grouped,64,2048,11534336,180224,3.6430183172342367e-06,15.112374045632102,0.006550587713718414,0.0398995541036129,35.02077547077911,59.967491843483664
10,up_proj,model.layers.10.mlp.up_proj.weight,grouped,32,2048,11534336,360448,2.9353666377573973e-06,13.579906116832387,0.00590025307610631,0.0398995541036129,43.463506358192824,61.499959772283376
10,up_proj,model.layers.10.mlp.up_proj.weight,grouped,16,2048,11534336,720896,2.2464098492491757e-06,11.89886439930309,0.0052045006304979324,0.0398995541036129,56.79343267055102,63.18100148981267
10,v_proj,model.layers.10.self_attn.v_proj.weight,global,524288,2048,524288,1,1.1490565157146193e-05,38.63182067871094,0.01178850419819355,0.01178850419819355,1.0,0.0
10,v_proj,model.layers.10.self_attn.v_proj.weight,grouped,512,2048,524288,1024,3.0428648187807994e-06,20.378684997558594,0.005974615924060345,0.01178850419819355,3.7762325444842397,18.253135681152344
10,v_proj,model.layers.10.self_attn.v_proj.weight,grouped,256,2048,524288,2048,2.6290285859431606e-06,18.997955322265625,0.005552471149712801,0.01178850419819355,4.370650520341895,19.633865356445312
10,v_proj,model.layers.10.self_attn.v_proj.weight,grouped,128,2048,524288,4096,2.24347513722023e-06,17.561912536621094,0.005124411545693874,0.01178850419819355,5.121770670203878,21.069908142089844
10,v_proj,model.layers.10.self_attn.v_proj.weight,grouped,64,2048,524288,8192,1.85955332199228e-06,16.041946411132812,0.004668913781642914,0.01178850419819355,6.179207136063989,22.589874267578125
10,v_proj,model.layers.10.self_attn.v_proj.weight,grouped,32,2048,524288,16384,1.4931501937098801e-06,14.422798156738281,0.004193328320980072,0.01178850419819355,7.695518646116063,24.209022521972656
10,v_proj,model.layers.10.self_attn.v_proj.weight,grouped,16,2048,524288,32768,1.1394990906410385e-06,12.640953063964844,0.003690550569444895,0.01178850419819355,10.083873915758934,25.990867614746094
11,down_proj,model.layers.11.mlp.down_proj.weight,global,11534336,5632,11534336,1,0.0002594288671389222,96.18343873457475,0.0719866082072258,0.0719866082072258,1.0,0.0
11,down_proj,model.layers.11.mlp.down_proj.weight,grouped,512,5632,11534336,22528,5.891339696972864e-06,19.37993656505238,0.00826134905219078,0.0719866082072258,44.03563204345933,76.80350216952237
11,down_proj,model.layers.11.mlp.down_proj.weight,grouped,256,5632,11534336,45056,5.067944584880024e-06,18.008847670121625,0.007677094545215368,0.0719866082072258,51.190154666038794,78.17459106445312
11,down_proj,model.layers.11.mlp.down_proj.weight,grouped,128,5632,11534336,90112,4.2988581299141515e-06,16.600331393155184,0.007079165894538164,0.0719866082072258,60.34832025129032,79.58310734141956
11,down_proj,model.layers.11.mlp.down_proj.weight,grouped,64,5632,11534336,180224,3.567708517948631e-06,15.126852555708451,0.0064604501239955425,0.0719866082072258,72.71582469077076,81.0565861788663
11,down_proj,model.layers.11.mlp.down_proj.weight,grouped,32,5632,11534336,360448,2.869125637516845e-06,13.572883605957031,0.005811935756355524,0.0719866082072258,90.42088075426744,82.61055512861772
11,down_proj,model.layers.11.mlp.down_proj.weight,grouped,16,5632,11534336,720896,2.193486352553009e-06,11.868208104913885,0.005122597794979811,0.0719866082072258,118.27238716893393,84.31523062966086
11,gate_proj,model.layers.11.mlp.gate_proj.weight,global,11534336,2048,11534336,1,0.00032240431755781174,93.0864767594771,0.07421875,0.07421875,1.0,0.0
11,gate_proj,model.layers.11.mlp.gate_proj.weight,grouped,512,2048,11534336,22528,8.33697231428232e-06,19.14102380925959,0.009726780466735363,0.07421875,38.67163106749091,73.9454529502175
11,gate_proj,model.layers.11.mlp.gate_proj.weight,grouped,256,2048,11534336,45056,7.1916952038009185e-06,17.818381569602273,0.0090511878952384,0.07421875,44.830086429054475,75.26809518987483
11,gate_proj,model.layers.11.mlp.gate_proj.weight,grouped,128,2048,11534336,90112,6.099771326262271e-06,16.43961126154119,0.008350087329745293,0.07421875,52.85514822001859,76.6468654979359
11,gate_proj,model.layers.11.mlp.gate_proj.weight,grouped,64,2048,11534336,180224,5.059970135334879e-06,15.002744848077947,0.007623875048011541,0.07421875,63.71664435455692,78.08373191139914
11,gate_proj,model.layers.11.mlp.gate_proj.weight,grouped,32,2048,11534336,360448,4.065341272507794e-06,13.471169905229049,0.006861286237835884,0.07421875,79.30559722946202,79.61530685424805
11,gate_proj,model.layers.11.mlp.gate_proj.weight,grouped,16,2048,11534336,720896,3.1069916985870805e-06,11.799855665727096,0.006049500312656164,0.07421875,103.7673572492732,81.28662109375
11,k_proj,model.layers.11.self_attn.k_proj.weight,global,524288,2048,524288,1,0.0002349496353417635,52.91252136230469,0.0538504458963871,0.0538504458963871,1.0,0.0
11,k_proj,model.layers.11.self_attn.k_proj.weight,grouped,512,2048,524288,1024,4.1483730456093326e-05,20.0286865234375,0.020770005881786346,0.0538504458963871,5.66365736057503,32.88383483886719
11,k_proj,model.layers.11.self_attn.k_proj.weight,grouped,256,2048,524288,2048,3.558769458322786e-05,18.52703094482422,0.01920943520963192,0.0538504458963871,6.601990887392099,34.38549041748047
11,k_proj,model.layers.11.self_attn.k_proj.weight,grouped,128,2048,524288,4096,2.995075919898227e-05,16.98780059814453,0.017619958147406578,0.0538504458963871,7.8445302097633345,35.924720764160156
11,k_proj,model.layers.11.self_attn.k_proj.weight,grouped,64,2048,524288,8192,2.4610822947579436e-05,15.427589416503906,0.015994608402252197,0.0538504458963871,9.546598089881089,37.48493194580078
11,k_proj,model.layers.11.self_attn.k_proj.weight,grouped,32,2048,524288,16384,1.963730937859509e-05,13.7847900390625,0.014335418120026588,0.0538504458963871,11.964451484268078,39.12773132324219
11,k_proj,model.layers.11.self_attn.k_proj.weight,grouped,16,2048,524288,32768,1.486376640968956e-05,12.023353576660156,0.01258128136396408,0.0538504458963871,15.806870806890633,40.88916778564453
11,o_proj,model.layers.11.self_attn.o_proj.weight,global,4194304,2048,4194304,1,0.0001767055073287338,95.59624195098877,0.0597098208963871,0.0597098208963871,1.0,0.0
11,o_proj,model.layers.11.self_attn.o_proj.weight,grouped,512,2048,4194304,8192,4.7587050175934564e-06,20.717310905456543,0.007345067337155342,0.0597098208963871,37.13310799375756,74.87893104553223
11,o_proj,model.layers.11.self_attn.o_proj.weight,grouped,256,2048,4194304,16384,3.951798589696409e-06,18.88406276702881,0.006699343211948872,0.0597098208963871,44.71521088890032,76.71217918395996
11,o_proj,model.layers.11.self_attn.o_proj.weight,grouped,128,2048,4194304,32768,3.1796162147657014e-06,16.842293739318848,0.0060046762228012085,0.0597098208963871,55.57447672714011,78.75394821166992
11,o_proj,model.layers.11.self_attn.o_proj.weight,grouped,64,2048,4194304,65536,2.5252102204831317e-06,14.888739585876465,0.005351853556931019,0.0597098208963871,69.9765531975892,80.7075023651123
11,o_proj,model.layers.11.self_attn.o_proj.weight,grouped,32,2048,4194304,131072,2.041228754023905e-06,13.40780258178711,0.004827544093132019,0.0597098208963871,86.56820406845219,82.18843936920166
11,o_proj,model.layers.11.self_attn.o_proj.weight,grouped,16,2048,4194304,262144,1.566466153235524e-06,11.7659330368042,0.004264968913048506,0.0597098208963871,112.80518698967731,83.83030891418457
11,q_proj,model.layers.11.self_attn.q_proj.weight,global,4194304,2048,4194304,1,0.00022363470634445548,77.6663064956665,0.0560825876891613,0.0560825876891613,1.0,0.0
11,q_proj,model.layers.11.self_attn.q_proj.weight,grouped,512,2048,4194304,8192,1.5068961147335358e-05,20.949220657348633,0.012203467078506947,0.0560825876891613,14.840751406675487,56.71708583831787
11,q_proj,model.layers.11.self_attn.q_proj.weight,grouped,256,2048,4194304,16384,1.260800490854308e-05,19.173884391784668,0.011175376363098621,0.0560825876891613,17.737517392059583,58.492422103881836
11,q_proj,model.layers.11.self_attn.q_proj.weight,grouped,128,2048,4194304,32768,1.0398830454505514e-05,17.48325824737549,0.01018694881349802,0.0560825876891613,21.505755606156747,60.183048248291016
11,q_proj,model.layers.11.self_attn.q_proj.weight,grouped,64,2048,4194304,65536,8.431439709966071e-06,15.798568725585938,0.009205982089042664,0.0560825876891613,26.52390505504254,61.867737770080566
11,q_proj,model.layers.11.self_attn.q_proj.weight,grouped,32,2048,4194304,131072,6.64695153318462e-06,14.057016372680664,0.008212193846702576,0.0560825876891613,33.64470242154901,63.60929012298584
11,q_proj,model.layers.11.self_attn.q_proj.weight,grouped,16,2048,4194304,262144,5.0019916670862585e-06,12.223267555236816,0.0071873716078698635,0.0560825876891613,44.70913212750839,65.44303894042969
11,up_proj,model.layers.11.mlp.up_proj.weight,global,11534336,2048,11534336,1,9.084399061976e-05,66.62352301857688,0.033203125,0.033203125,1.0,0.0
11,up_proj,model.layers.11.mlp.up_proj.weight,grouped,512,2048,11534336,22528,5.898124072700739e-06,19.21059868552468,0.008312285877764225,0.033203125,15.402183728251536,47.412924333052196
11,up_proj,model.layers.11.mlp.up_proj.weight,grouped,256,2048,11534336,45056,5.111009613756323e-06,17.91074059226296,0.0077440510503947735,0.033203125,17.77417721446907,48.712782426313915
11,up_proj,model.layers.11.mlp.up_proj.weight,grouped,128,2048,11534336,90112,4.353314125182806e-06,16.550497575239703,0.007153545040637255,0.033203125,20.867777515583086,50.07302544333717
11,up_proj,model.layers.11.mlp.up_proj.weight,grouped,64,2048,11534336,180224,3.6270409964345163e-06,15.124719793146307,0.0065377638675272465,0.033203125,25.046309294287607,51.49880322543057
11,up_proj,model.layers.11.mlp.up_proj.weight,grouped,32,2048,11534336,360448,2.9240482035675086e-06,13.594306599010121,0.005887855309993029,0.033203125,31.06788407555151,53.02921641956675
11,up_proj,model.layers.11.mlp.up_proj.weight,grouped,16,2048,11534336,720896,2.2377355435310164e-06,11.905730854381215,0.0051927282474935055,0.033203125,40.59639258194625,54.71779216419566
11,v_proj,model.layers.11.self_attn.v_proj.weight,global,524288,2048,524288,1,7.561674010503339e-06,35.09941101074219,0.009556361474096775,0.009556361474096775,1.0,0.0
11,v_proj,model.layers.11.self_attn.v_proj.weight,grouped,512,2048,524288,1024,2.6832069579540985e-06,20.823287963867188,0.005579965654760599,0.009556361474096775,2.8181478838549943,14.276123046875
11,v_proj,model.layers.11.self_attn.v_proj.weight,grouped,256,2048,524288,2048,2.3366872028418584e-06,19.470977783203125,0.005204864777624607,0.009556361474096775,3.2360660003216934,15.628433227539062
11,v_proj,model.layers.11.self_attn.v_proj.weight,grouped,128,2048,524288,4096,1.9897552192560397e-06,17.98725128173828,0.004796498455107212,0.009556361474096775,3.8003036440485447,17.112159729003906
11,v_proj,model.layers.11.self_attn.v_proj.weight,grouped,64,2048,524288,8192,1.6508388398506213e-06,16.41387939453125,0.004370757378637791,0.009556361474096775,4.580504061309563,18.685531616210938
11,v_proj,model.layers.11.self_attn.v_proj.weight,grouped,32,2048,524288,16384,1.325076823377458e-06,14.715194702148438,0.003922461532056332,0.009556361474096775,5.706592913782584,20.38421630859375
11,v_proj,model.layers.11.self_attn.v_proj.weight,grouped,16,2048,524288,32768,1.0088648423334234e-06,12.8204345703125,0.0034441074822098017,0.009556361474096775,7.495229978491265,22.278976440429688
12,down_proj,model.layers.12.mlp.down_proj.weight,global,11534336,5632,11534336,1,0.0002851183235179633,99.8784672130238,0.1149553582072258,0.1149553582072258,1.0,0.0
12,down_proj,model.layers.12.mlp.down_proj.weight,grouped,512,5632,11534336,22528,5.959105692454614e-06,19.851545854048297,0.008271479047834873,0.1149553582072258,47.84582422811841,80.0269213589755
12,down_proj,model.layers.12.mlp.down_proj.weight,grouped,256,5632,11534336,45056,5.0833837121899705e-06,18.401189283891156,0.007667243015021086,0.1149553582072258,56.08829465976543,81.47727792913264
12,down_proj,model.layers.12.mlp.down_proj.weight,grouped,128,5632,11534336,90112,4.2815190681722015e-06,16.902680830522016,0.007051961030811071,0.1149553582072258,66.59279544904176,82.97578638250178
12,down_proj,model.layers.12.mlp.down_proj.weight,grouped,64,5632,11534336,180224,3.532276650730637e-06,15.361109646883877,0.006420035380870104,0.1149553582072258,80.7180047630153,84.51735756613992
12,down_proj,model.layers.12.mlp.down_proj.weight,grouped,32,5632,11534336,360448,2.8241074687684886e-06,13.72892206365412,0.0057588727213442326,0.1149553582072258,100.95873711289575,86.14954514936967
12,down_proj,model.layers.12.mlp.down_proj.weight,grouped,16,5632,11534336,720896,2.148936118828715e-06,11.968690698797053,0.005063559859991074,0.1149553582072258,132.67882698782503,87.90977651422675
12,gate_proj,model.layers.12.mlp.gate_proj.weight,global,11534336,2048,11534336,1,0.00035780391772277653,94.7610161521218,0.0825892835855484,0.0825892835855484,1.0,0.0
12,gate_proj,model.layers.12.mlp.gate_proj.weight,grouped,512,2048,11534336,22528,9.27371729630977e-06,19.652123884721235,0.010163309052586555,0.0825892835855484,38.58257765364005,75.10889226740056
12,gate_proj,model.layers.12.mlp.gate_proj.weight,grouped,256,2048,11534336,45056,7.929640560178086e-06,18.221785805442117,0.009419769048690796,0.0825892835855484,45.12233751421652,76.53923034667969
12,gate_proj,model.layers.12.mlp.gate_proj.weight,grouped,128,2048,11534336,90112,6.670240964012919e-06,16.760947487571023,0.008659835904836655,0.0825892835855484,53.641827881959486,78.00006866455078
12,gate_proj,model.layers.12.mlp.gate_proj.weight,grouped,64,2048,11534336,180224,5.4956790336291306e-06,15.234236283735795,0.007880845107138157,0.0825892835855484,65.10640733079656,79.526779868386
12,gate_proj,model.layers.12.mlp.gate_proj.weight,grouped,32,2048,11534336,360448,4.389335572341224e-06,13.633329218084162,0.00707411440089345,0.0825892835855484,81.51664684227545,81.12768693403764
12,gate_proj,model.layers.12.mlp.gate_proj.weight,grouped,16,2048,11534336,720896,3.341580850246828e-06,11.912302537397904,0.0062255351804196835,0.0825892835855484,107.07624138328035,82.84871361472389
12,k_proj,model.layers.12.self_attn.k_proj.weight,global,524288,2048,524288,1,0.0003948105440940708,60.23750305175781,0.0697544664144516,0.0697544664144516,1.0,0.0
12,k_proj,model.layers.12.self_attn.k_proj.weight,grouped,512,2048,524288,1024,4.7593781346222386e-05,20.37067413330078,0.022339139133691788,0.0697544664144516,8.29542290876217,39.86682891845703
12,k_proj,model.layers.12.self_attn.k_proj.weight,grouped,256,2048,524288,2048,3.981501504313201e-05,18.717575073242188,0.020482642576098442,0.0697544664144516,9.916121937072447,41.519927978515625
12,k_proj,model.layers.12.self_attn.k_proj.weight,grouped,128,2048,524288,4096,3.315782669233158e-05,17.084121704101562,0.018705742433667183,0.0697544664144516,11.907009097956916,43.15338134765625
12,k_proj,model.layers.12.self_attn.k_proj.weight,grouped,64,2048,524288,8192,2.6872083253692836e-05,15.464019775390625,0.016908040270209312,0.0697544664144516,14.692219444497844,44.77348327636719
12,k_proj,model.layers.12.self_attn.k_proj.weight,grouped,32,2048,524288,16384,2.1293120880727656e-05,13.787841796875,0.015105857513844967,0.0697544664144516,18.541694583221602,46.44966125488281
12,k_proj,model.layers.12.self_attn.k_proj.weight,grouped,16,2048,524288,32768,1.6105477698147297e-05,12.02392578125,0.013256117701530457,0.0697544664144516,24.514053634030866,48.21357727050781
12,o_proj,model.layers.12.self_attn.o_proj.weight,global,4194304,2048,4194304,1,0.00018919227295555174,93.33882331848145,0.0577566958963871,0.0577566958963871,1.0,0.0
12,o_proj,model.layers.12.self_attn.o_proj.weight,grouped,512,2048,4194304,8192,5.172194505576044e-06,20.0150728225708,0.007667608093470335,0.0577566958963871,36.57872354792287,73.32375049591064
12,o_proj,model.layers.12.self_attn.o_proj.weight,grouped,256,2048,4194304,16384,4.390994490677258e-06,18.491053581237793,0.007079736795276403,0.0577566958963871,43.086429135184616,74.84776973724365
12,o_proj,model.layers.12.self_attn.o_proj.weight,grouped,128,2048,4194304,32768,3.572051355149597e-06,16.59567356109619,0.006383571308106184,0.0577566958963871,52.96460049008125,76.74314975738525
12,o_proj,model.layers.12.self_attn.o_proj.weight,grouped,64,2048,4194304,65536,2.8762456167896744e-06,14.7658109664917,0.005725976079702377,0.0577566958963871,65.77750935148542,78.57301235198975
12,o_proj,model.layers.12.self_attn.o_proj.weight,grouped,32,2048,4194304,131072,2.329800736333709e-06,13.3087158203125,0.005170783493667841,0.0577566958963871,81.20534516324093,80.03010749816895
12,o_proj,model.layers.12.self_attn.o_proj.weight,grouped,16,2048,4194304,262144,1.7912329894897994e-06,11.684608459472656,0.004571438301354647,0.0577566958963871,105.62125310646482,81.65421485900879
12,q_proj,model.layers.12.self_attn.q_proj.weight,global,4194304,2048,4194304,1,0.0002615624398458749,77.94327735900879,0.0594308041036129,0.0594308041036129,1.0,0.0
12,q_proj,model.layers.12.self_attn.q_proj.weight,grouped,512,2048,4194304,8192,1.4327134522318374e-05,20.16425132751465,0.012371455319225788,0.0594308041036129,18.256437771169168,57.77902603149414
12,q_proj,model.layers.12.self_attn.q_proj.weight,grouped,256,2048,4194304,16384,1.2029091521981172e-05,18.48151683807373,0.01135159656405449,0.0594308041036129,21.744155771690064,59.46176052093506
12,q_proj,model.layers.12.self_attn.q_proj.weight,grouped,128,2048,4194304,32768,1.0064274647447746e-05,16.91157817840576,0.010400996543467045,0.0594308041036129,25.989199322199134,61.03169918060303
12,q_proj,model.layers.12.self_attn.q_proj.weight,grouped,64,2048,4194304,65536,8.26773339213105e-06,15.335679054260254,0.009441404603421688,0.0594308041036129,31.636535364677005,62.607598304748535
12,q_proj,model.layers.12.self_attn.q_proj.weight,grouped,32,2048,4194304,131072,6.6020002122968435e-06,13.721942901611328,0.008464450016617775,0.0594308041036129,39.61866577324405,64.22133445739746
12,q_proj,model.layers.12.self_attn.q_proj.weight,grouped,16,2048,4194304,262144,5.016310296923621e-06,11.971664428710938,0.007437985390424728,0.0594308041036129,52.14239637573551,65.97161293029785
12,up_proj,model.layers.12.mlp.up_proj.weight,global,11534336,2048,11534336,1,0.0001451603602617979,79.61147481744939,0.0432477667927742,0.0432477667927742,1.0,0.0
12,up_proj,model.layers.12.mlp.up_proj.weight,grouped,512,2048,11534336,22528,6.021444278303534e-06,19.637237895618785,0.008351745083928108,0.0432477667927742,24.107233008007675,59.97423692183061
12,up_proj,model.layers.12.mlp.up_proj.weight,grouped,256,2048,11534336,45056,5.1686693041119725e-06,18.25502569025213,0.007754812017083168,0.0432477667927742,28.08466777828377,61.356449127197266
12,up_proj,model.layers.12.mlp.up_proj.weight,grouped,128,2048,11534336,90112,4.365685526863672e-06,16.812749342484906,0.00714062200859189,0.0432477667927742,33.25030155483548,62.798725474964485
12,up_proj,model.layers.12.mlp.up_proj.weight,grouped,64,2048,11534336,180224,3.613488161136047e-06,15.32365625554865,0.006509943399578333,0.0432477667927742,40.17181011495575,64.28781856190074
12,up_proj,model.layers.12.mlp.up_proj.weight,grouped,32,2048,11534336,360448,2.8947840746695874e-06,13.733924518931996,0.005847391672432423,0.0432477667927742,50.14548806316983,65.87755029851739
12,up_proj,model.layers.12.mlp.up_proj.weight,grouped,16,2048,11534336,720896,2.2055321551306406e-06,12.004349448464133,0.0051454901695251465,0.0432477667927742,65.81647876868048,67.60712536898527
12,v_proj,model.layers.12.self_attn.v_proj.weight,global,524288,2048,524288,1,9.427064469491597e-06,30.919265747070312,0.01067243330180645,0.01067243330180645,1.0,0.0
12,v_proj,model.layers.12.self_attn.v_proj.weight,grouped,512,2048,524288,1024,4.099252237210749e-06,20.616722106933594,0.006946035660803318,0.01067243330180645,2.299703439548782,10.302543640136719
12,v_proj,model.layers.12.self_attn.v_proj.weight,grouped,256,2048,524288,2048,3.590174401324475e-06,19.324874877929688,0.006490835454314947,0.01067243330180645,2.625795690040516,11.594390869140625
12,v_proj,model.layers.12.self_attn.v_proj.weight,grouped,128,2048,524288,4096,3.078461077166139e-06,17.975425720214844,0.006009119097143412,0.01067243330180645,3.0622652790431353,12.943840026855469
12,v_proj,model.layers.12.self_attn.v_proj.weight,grouped,64,2048,524288,8192,2.566015155025525e-06,16.495513916015625,0.005490567069500685,0.01067243330180645,3.673814806209834,14.423751831054688
12,v_proj,model.layers.12.self_attn.v_proj.weight,grouped,32,2048,524288,16384,2.068076582872891e-06,14.869117736816406,0.004939834587275982,0.01067243330180645,4.558373005895115,16.050148010253906
12,v_proj,model.layers.12.self_attn.v_proj.weight,grouped,16,2048,524288,32768,1.5803345831955085e-06,13.014793395996094,0.004346498753875494,0.01067243330180645,5.96523329283198,17.90447235107422
13,down_proj,model.layers.13.mlp.down_proj.weight,global,11534336,5632,11534336,1,0.00029131013434380293,99.85035116022283,0.1138392835855484,0.1138392835855484,1.0,0.0
13,down_proj,model.layers.13.mlp.down_proj.weight,grouped,512,5632,11534336,22528,6.1460668803192675e-06,19.927935166792437,0.008398271165788174,0.1138392835855484,47.39781392171742,79.92241599343039
13,down_proj,model.layers.13.mlp.down_proj.weight,grouped,256,5632,11534336,45056,5.241881353867939e-06,18.44348040494052,0.007775511126965284,0.1138392835855484,55.57358411571977,81.40687075528231
13,down_proj,model.layers.13.mlp.down_proj.weight,grouped,128,5632,11534336,90112,4.401365458761575e-06,16.922560605135832,0.00714227557182312,0.1138392835855484,66.18630901551396,82.927790555087
13,down_proj,model.layers.13.mlp.down_proj.weight,grouped,64,5632,11534336,180224,3.623152451837086e-06,15.359288995916193,0.00649600476026535,0.1138392835855484,80.40239493540957,84.49106216430664
13,down_proj,model.layers.13.mlp.down_proj.weight,grouped,32,5632,11534336,360448,2.894505314543494e-06,13.727890361439098,0.005829136352986097,0.1138392835855484,100.64245965627008,86.12246079878373
13,down_proj,model.layers.13.mlp.down_proj.weight,grouped,16,5632,11534336,720896,2.200365088356193e-06,11.973545768044211,0.005123804323375225,0.1138392835855484,132.39172712080673,87.87680539217862
13,gate_proj,model.layers.13.mlp.gate_proj.weight,global,11534336,2048,11534336,1,0.00034650691668502986,94.11218816583806,0.0797991082072258,0.0797991082072258,1.0,0.0
13,gate_proj,model.layers.13.mlp.gate_proj.weight,grouped,512,2048,11534336,22528,9.327461157226935e-06,19.647112759676848,0.010148286819458008,0.0797991082072258,37.1491138739887,74.46507540616122
13,gate_proj,model.layers.13.mlp.gate_proj.weight,grouped,256,2048,11534336,45056,7.96838867245242e-06,18.22220195423473,0.00940639991313219,0.0797991082072258,43.485192669245876,75.88998621160333
13,gate_proj,model.layers.13.mlp.gate_proj.weight,grouped,128,2048,11534336,90112,6.68107577439514e-06,16.74508181485263,0.008639314211905003,0.0797991082072258,51.863940536791816,77.36710635098544
13,gate_proj,model.layers.13.mlp.gate_proj.weight,grouped,64,2048,11534336,180224,5.492904620041372e-06,15.228817679665305,0.007861022837460041,0.0797991082072258,63.082638540776266,78.88337048617277
13,gate_proj,model.layers.13.mlp.gate_proj.weight,grouped,32,2048,11534336,360448,4.37823746324284e-06,13.63216746937145,0.007052900269627571,0.0797991082072258,79.14301578982464,80.48002069646661
13,gate_proj,model.layers.13.mlp.gate_proj.weight,grouped,16,2048,11534336,720896,3.3253907076868927e-06,11.90487254749645,0.006201615557074547,0.0797991082072258,104.20036234661174,82.20731561834161
13,k_proj,model.layers.13.self_attn.k_proj.weight,global,524288,2048,524288,1,0.0002716038143262267,52.28099822998047,0.0574776791036129,0.0574776791036129,1.0,0.0
13,k_proj,model.layers.13.self_attn.k_proj.weight,grouped,512,2048,524288,1024,4.617514059646055e-05,19.883155822753906,0.021984949707984924,0.0574776791036129,5.882035459293131,32.39784240722656
13,k_proj,model.layers.13.self_attn.k_proj.weight,grouped,256,2048,524288,2048,3.943249976146035e-05,18.386077880859375,0.02030891925096512,0.0574776791036129,6.887816292886426,33.894920349121094
13,k_proj,model.layers.13.self_attn.k_proj.weight,grouped,128,2048,524288,4096,3.309912426630035e-05,16.859817504882812,0.018632838502526283,0.0574776791036129,8.205770404710021,35.421180725097656
13,k_proj,model.layers.13.self_attn.k_proj.weight,grouped,64,2048,524288,8192,2.712740024435334e-05,15.285873413085938,0.016903415322303772,0.0574776791036129,10.012157887586813,36.99512481689453
13,k_proj,model.layers.13.self_attn.k_proj.weight,grouped,32,2048,524288,16384,2.1619956896756776e-05,13.692474365234375,0.015154709108173847,0.0574776791036129,12.562643654806276,38.588523864746094
13,k_proj,model.layers.13.self_attn.k_proj.weight,grouped,16,2048,524288,32768,1.64445664267987e-05,11.9354248046875,0.013330900110304356,0.0574776791036129,16.516325652928778,40.34557342529297
13,o_proj,model.layers.13.self_attn.o_proj.weight,global,4194304,2048,4194304,1,0.00018680241191759706,95.12629508972168,0.0602678582072258,0.0602678582072258,1.0,0.0
13,o_proj,model.layers.13.self_attn.o_proj.weight,grouped,512,2048,4194304,8192,4.831293608731357e-06,20.191383361816406,0.007435737177729607,0.0602678582072258,38.665092011795416,74.93491172790527
13,o_proj,model.layers.13.self_attn.o_proj.weight,grouped,256,2048,4194304,16384,4.067029294674285e-06,18.497633934020996,0.00682025495916605,0.0602678582072258,45.93092362580522,76.62866115570068
13,o_proj,model.layers.13.self_attn.o_proj.weight,grouped,128,2048,4194304,32768,3.3479068406450097e-06,16.718554496765137,0.006182739045470953,0.0602678582072258,55.79677715333548,78.40774059295654
13,o_proj,model.layers.13.self_attn.o_proj.weight,grouped,64,2048,4194304,65536,2.675474888746976e-06,14.811015129089355,0.005525614600628614,0.0602678582072258,69.82028226214582,80.31527996063232
13,o_proj,model.layers.13.self_attn.o_proj.weight,grouped,32,2048,4194304,131072,2.1652115265169414e-06,13.3467435836792,0.004989308770745993,0.0602678582072258,86.27443999344304,81.77955150604248
13,o_proj,model.layers.13.self_attn.o_proj.weight,grouped,16,2048,4194304,262144,1.664703518144961e-06,11.710357666015625,0.004408297594636679,0.0602678582072258,112.21362235466272,83.41593742370605
13,q_proj,model.layers.13.self_attn.q_proj.weight,global,4194304,2048,4194304,1,0.00028582377126440406,80.97736835479736,0.0633370503783226,0.0633370503783226,1.0,0.0
13,q_proj,model.layers.13.self_attn.q_proj.weight,grouped,512,2048,4194304,8192,1.36674425448291e-05,20.032525062561035,0.012092345394194126,0.0633370503783226,20.912747233207998,60.94484329223633
13,q_proj,model.layers.13.self_attn.q_proj.weight,grouped,256,2048,4194304,16384,1.1537329555721954e-05,18.42062473297119,0.011131159961223602,0.0633370503783226,24.773823949810758,62.55674362182617
13,q_proj,model.layers.13.self_attn.q_proj.weight,grouped,128,2048,4194304,32768,9.684645192464814e-06,16.898822784423828,0.01021542213857174,0.0633370503783226,29.513086497664432,64.07854557037354
13,q_proj,model.layers.13.self_attn.q_proj.weight,grouped,64,2048,4194304,65536,7.973819265316706e-06,15.353989601135254,0.009284472092986107,0.0633370503783226,35.845278373393334,65.62337875366211
13,q_proj,model.layers.13.self_attn.q_proj.weight,grouped,32,2048,4194304,131072,6.366411980707198e-06,13.737154006958008,0.008324437774717808,0.0633370503783226,44.89558202179903,67.24021434783936
13,q_proj,model.layers.13.self_attn.q_proj.weight,grouped,16,2048,4194304,262144,4.8376255108451005e-06,11.988139152526855,0.0073172952979803085,0.0633370503783226,59.08348437133832,68.98922920227051
13,up_proj,model.layers.13.mlp.up_proj.weight,global,11534336,2048,11534336,1,0.00016225347644649446,81.95261521772905,0.0463169626891613,0.0463169626891613,1.0,0.0
13,up_proj,model.layers.13.mlp.up_proj.weight,grouped,512,2048,11534336,22528,6.166244475025451e-06,19.669428738680754,0.008453908376395702,0.0463169626891613,26.313176051266563,62.2831864790483
13,up_proj,model.layers.13.mlp.up_proj.weight,grouped,256,2048,11534336,45056,5.299537860992132e-06,18.282751603560015,0.007850912399590015,0.0463169626891613,30.616533120893454,63.66986361416903
13,up_proj,model.layers.13.mlp.up_proj.weight,grouped,128,2048,11534336,90112,4.472928139875876e-06,16.829464652321555,0.007225863169878721,0.0463169626891613,36.274554692711206,65.12315056540749
13,up_proj,model.layers.13.mlp.up_proj.weight,grouped,64,2048,11534336,180224,3.7019572118879296e-06,15.330826152454723,0.006586234550923109,0.0463169626891613,43.82910637796059,66.62178906527433
13,up_proj,model.layers.13.mlp.up_proj.weight,grouped,32,2048,11534336,360448,2.9662230645044474e-06,13.735346360640092,0.0059163556434214115,0.0463169626891613,54.70036235241849,68.21726885708895
13,up_proj,model.layers.13.mlp.up_proj.weight,grouped,16,2048,11534336,720896,2.2594140318688005e-06,12.00203462080522,0.005206800997257233,0.0463169626891613,71.81219296593099,69.95058059692383
13,v_proj,model.layers.13.self_attn.v_proj.weight,global,524288,2048,524288,1,9.328306077804882e-06,35.064125061035156,0.010602678172290325,0.010602678172290325,1.0,0.0
13,v_proj,model.layers.13.self_attn.v_proj.weight,grouped,512,2048,524288,1024,2.9987788821017602e-06,20.226478576660156,0.005935311317443848,0.010602678172290325,3.1107015370426154,14.837646484375
13,v_proj,model.layers.13.self_attn.v_proj.weight,grouped,256,2048,524288,2048,2.6115344553545583e-06,18.903732299804688,0.005532153882086277,0.010602678172290325,3.5719636241745136,16.16039276123047
13,v_proj,model.layers.13.self_attn.v_proj.weight,grouped,128,2048,524288,4096,2.2212429939827416e-06,17.47875213623047,0.005097674205899239,0.010602678172290325,4.199588294965877,17.585372924804688
13,v_proj,model.layers.13.self_attn.v_proj.weight,grouped,64,2048,524288,8192,1.8550799723016098e-06,15.989494323730469,0.004656488541513681,0.010602678172290325,5.028519641787298,19.074630737304688
13,v_proj,model.layers.13.self_attn.v_proj.weight,grouped,32,2048,524288,16384,1.491430111855152e-06,14.398002624511719,0.004187215119600296,0.010602678172290325,6.254604894762141,20.666122436523438
13,v_proj,model.layers.13.self_attn.v_proj.weight,grouped,16,2048,524288,32768,1.1394820376153802e-06,12.636184692382812,0.0036878399550914764,0.010602678172290325,8.186444164864975,22.427940368652344
14,down_proj,model.layers.14.mlp.down_proj.weight,global,11534336,5632,11534336,1,0.00029603566508740187,98.93840443004261,0.0920758917927742,0.0920758917927742,1.0,0.0
14,down_proj,model.layers.14.mlp.down_proj.weight,grouped,512,5632,11534336,22528,6.624034540436696e-06,20.145754380659625,0.008703499101102352,0.0920758917927742,44.69114152111372,78.79265004938298
14,down_proj,model.layers.14.mlp.down_proj.weight,grouped,256,5632,11534336,45056,5.609661002381472e-06,18.598981337113813,0.008035263046622276,0.0920758917927742,52.77246966647819,80.3394230929288
14,down_proj,model.layers.14.mlp.down_proj.weight,grouped,128,5632,11534336,90112,4.695561528933467e-06,17.03983653675426,0.007370280101895332,0.0920758917927742,63.0458494182787,81.89856789328834
14,down_proj,model.layers.14.mlp.down_proj.weight,grouped,64,5632,11534336,180224,3.854416718240827e-06,15.45173471624201,0.006694041658192873,0.0920758917927742,76.80427071790874,83.4866697138006
14,down_proj,model.layers.14.mlp.down_proj.weight,grouped,32,5632,11534336,360448,3.0705223252880387e-06,13.799571990966797,0.005997719243168831,0.0920758917927742,96.4121519812208,85.13883243907581
14,down_proj,model.layers.14.mlp.down_proj.weight,grouped,16,5632,11534336,720896,2.3304548903979594e-06,12.017146023837002,0.005267560947686434,0.0920758917927742,127.02913337097438,86.92125840620561
14,gate_proj,model.layers.14.mlp.gate_proj.weight,global,11534336,2048,11534336,1,0.0003536865406204015,94.41557797518644,0.0814732164144516,0.0814732164144516,1.0,0.0
14,gate_proj,model.layers.14.mlp.gate_proj.weight,grouped,512,2048,11534336,22528,9.578412573318928e-06,19.99542062932795,0.010289779864251614,0.0814732164144516,36.92538172824276,74.42015734585848
14,gate_proj,model.layers.14.mlp.gate_proj.weight,grouped,256,2048,11534336,45056,8.11544214229798e-06,18.46201636574485,0.009503311477601528,0.0814732164144516,43.58191881831976,75.95356160944158
14,gate_proj,model.layers.14.mlp.gate_proj.weight,grouped,128,2048,11534336,90112,6.772457254555775e-06,16.910761052911933,0.008710081689059734,0.0814732164144516,52.22425588326594,77.5048169222745
14,gate_proj,model.layers.14.mlp.gate_proj.weight,grouped,64,2048,11534336,180224,5.561260422837222e-06,15.33907110040838,0.00791552197188139,0.0814732164144516,63.5982697677659,79.07650687477806
14,gate_proj,model.layers.14.mlp.gate_proj.weight,grouped,32,2048,11534336,360448,4.4252137740841135e-06,13.704360615123402,0.007092928979545832,0.0814732164144516,79.92530048869877,80.71121736006303
14,gate_proj,model.layers.14.mlp.gate_proj.weight,grouped,16,2048,11534336,720896,3.354354703333229e-06,11.956379630348899,0.006232132203876972,0.0814732164144516,105.44100785434006,82.45919834483755
14,k_proj,model.layers.14.self_attn.k_proj.weight,global,524288,2048,524288,1,0.00040432228706777096,61.20452880859375,0.0711495503783226,0.0711495503783226,1.0,0.0
14,k_proj,model.layers.14.self_attn.k_proj.weight,grouped,512,2048,524288,1024,5.143704765941948e-05,20.410919189453125,0.02284216694533825,0.0711495503783226,7.860526711115172,40.793609619140625
14,k_proj,model.layers.14.self_attn.k_proj.weight,grouped,256,2048,524288,2048,4.328223076299764e-05,18.809890747070312,0.02102104388177395,0.0711495503783226,9.341530691468648,42.39463806152344
14,k_proj,model.layers.14.self_attn.k_proj.weight,grouped,128,2048,524288,4096,3.603149889386259e-05,17.165756225585938,0.019188273698091507,0.0711495503783226,11.2213562987978,44.03877258300781
14,k_proj,model.layers.14.self_attn.k_proj.weight,grouped,64,2048,524288,8192,2.937151657533832e-05,15.523910522460938,0.01735849678516388,0.0711495503783226,13.765795376302039,45.68061828613281
14,k_proj,model.layers.14.self_attn.k_proj.weight,grouped,32,2048,524288,16384,2.3241671442519873e-05,13.825607299804688,0.015500125475227833,0.0711495503783226,17.396437604228268,47.37892150878906
14,k_proj,model.layers.14.self_attn.k_proj.weight,grouped,16,2048,524288,32768,1.758492180670146e-05,12.016487121582031,0.013590562157332897,0.0711495503783226,22.9925552989202,49.18804168701172
14,o_proj,model.layers.14.self_attn.o_proj.weight,global,4194304,2048,4194304,1,0.0001769787777448073,92.9027795791626,0.0560825876891613,0.0560825876891613,1.0,0.0
14,o_proj,model.layers.14.self_attn.o_proj.weight,grouped,512,2048,4194304,8192,5.413407961896155e-06,20.90737819671631,0.007768078241497278,0.0560825876891613,32.692673264332534,71.99540138244629
14,o_proj,model.layers.14.self_attn.o_proj.weight,grouped,256,2048,4194304,16384,4.469092800718499e-06,18.977975845336914,0.00706135481595993,0.0560825876891613,39.60060478411956,73.92480373382568
14,o_proj,model.layers.14.self_attn.o_proj.weight,grouped,128,2048,4194304,32768,3.686084028231562e-06,17.236971855163574,0.0064195734448730946,0.0560825876891613,48.012681314189884,75.66580772399902
14,o_proj,model.layers.14.self_attn.o_proj.weight,grouped,64,2048,4194304,65536,2.8720744467136683e-06,15.018057823181152,0.005661575123667717,0.0560825876891613,61.62053979739726,77.88472175598145
14,o_proj,model.layers.14.self_attn.o_proj.weight,grouped,32,2048,4194304,131072,2.3194943423732184e-06,13.516497611999512,0.0051053487695753574,0.0560825876891613,76.30058608538332,79.38628196716309
14,o_proj,model.layers.14.self_attn.o_proj.weight,grouped,16,2048,4194304,262144,1.7809375094657298e-06,11.85464859008789,0.004507177975028753,0.0560825876891613,99.37394030063403,81.0481309890747
14,q_proj,model.layers.14.self_attn.q_proj.weight,global,4194304,2048,4194304,1,0.0003574062429834157,87.53588199615479,0.0758928582072258,0.0758928582072258,1.0,0.0
14,q_proj,model.layers.14.self_attn.q_proj.weight,grouped,512,2048,4194304,8192,1.4971436939958949e-05,20.45903205871582,0.012296839617192745,0.0758928582072258,23.872541053791174,67.07684993743896
14,q_proj,model.layers.14.self_attn.q_proj.weight,grouped,256,2048,4194304,16384,1.2370014701446053e-05,18.6920166015625,0.011230860836803913,0.0758928582072258,28.89295215967973,68.84386539459229
14,q_proj,model.layers.14.self_attn.q_proj.weight,grouped,128,2048,4194304,32768,1.0220854164799675e-05,17.08235740661621,0.010259167291224003,0.0758928582072258,34.968334076648155,70.45352458953857
14,q_proj,model.layers.14.self_attn.q_proj.weight,grouped,64,2048,4194304,65536,8.316754247061908e-06,15.470647811889648,0.009293025359511375,0.0758928582072258,42.97424600584753,72.06523418426514
14,q_proj,model.layers.14.self_attn.q_proj.weight,grouped,32,2048,4194304,131072,6.583125923498301e-06,13.808035850524902,0.00831147562712431,0.0758928582072258,54.291266358381996,73.72784614562988
14,q_proj,model.layers.14.self_attn.q_proj.weight,grouped,16,2048,4194304,262144,4.973800969310105e-06,12.047052383422852,0.007292932365089655,0.0758928582072258,71.85776937773005,75.48882961273193
14,up_proj,model.layers.14.mlp.up_proj.weight,global,11534336,2048,11534336,1,0.0002057928213616833,87.30193918401545,0.0544084832072258,0.0544084832072258,1.0,0.0
14,up_proj,model.layers.14.mlp.up_proj.weight,grouped,512,2048,11534336,22528,6.673998996120645e-06,19.944303685968574,0.008766215294599533,0.0544084832072258,30.835009337175997,67.35763549804688
14,up_proj,model.layers.14.mlp.up_proj.weight,grouped,256,2048,11534336,45056,5.685371888830559e-06,18.458574468439277,0.008111170493066311,0.0544084832072258,36.19689712224145,68.84336471557617
14,up_proj,model.layers.14.mlp.up_proj.weight,grouped,128,2048,11534336,90112,4.77156254419242e-06,16.937854073264383,0.007447239942848682,0.0544084832072258,43.12902103990202,70.36408511075106
14,up_proj,model.layers.14.mlp.up_proj.weight,grouped,64,2048,11534336,180224,3.930506863980554e-06,15.383668379350143,0.006774179637432098,0.0544084832072258,52.357832840233264,71.91827080466531
14,up_proj,model.layers.14.mlp.up_proj.weight,grouped,32,2048,11534336,360448,3.1411711916007334e-06,13.762604106556285,0.00607890821993351,0.0544084832072258,65.5146787007211,73.53933507745917
14,up_proj,model.layers.14.mlp.up_proj.weight,grouped,16,2048,11534336,720896,2.390117060713237e-06,12.016842582009055,0.005346076097339392,0.0544084832072258,86.10156579538932,75.2850966020064
14,v_proj,model.layers.14.self_attn.v_proj.weight,global,524288,2048,524288,1,1.5182419701886829e-05,41.237640380859375,0.013532365672290325,0.013532365672290325,1.0,0.0
14,v_proj,model.layers.14.self_attn.v_proj.weight,grouped,512,2048,524288,1024,4.012502813566243e-06,21.512985229492188,0.006785614416003227,0.013532365672290325,3.7837779578758615,19.724655151367188
14,v_proj,model.layers.14.self_attn.v_proj.weight,grouped,256,2048,524288,2048,3.38502695740317e-06,19.785690307617188,0.006236135959625244,0.013532365672290325,4.485169510594991,21.451950073242188
14,v_proj,model.layers.14.self_attn.v_proj.weight,grouped,128,2048,524288,4096,2.8133244995842688e-06,18.013572692871094,0.005685972515493631,0.013532365672290325,5.396611625900379,23.22406768798828
14,v_proj,model.layers.14.self_attn.v_proj.weight,grouped,64,2048,524288,8192,2.2937622361496324e-06,16.239166259765625,0.005133641418069601,0.013532365672290325,6.61900325265291,24.99847412109375
14,v_proj,model.layers.14.self_attn.v_proj.weight,grouped,32,2048,524288,16384,1.8142268345400225e-06,14.438247680664062,0.004580553621053696,0.013532365672290325,8.368534415232682,26.799392700195312
14,v_proj,model.layers.14.self_attn.v_proj.weight,grouped,16,2048,524288,32768,1.3709974382436485e-06,12.544822692871094,0.004007683135569096,0.013532365672290325,11.073995675248423,28.69281768798828
15,down_proj,model.layers.15.mlp.down_proj.weight,global,11534336,5632,11534336,1,0.00029227195773273706,98.2571688565341,0.0853794664144516,0.0853794664144516,1.0,0.0
15,down_proj,model.layers.15.mlp.down_proj.weight,grouped,512,5632,11534336,22528,6.539969490404474e-06,19.80020349675959,0.008643072098493576,0.0853794664144516,44.69011027674704,78.4569653597745
15,down_proj,model.layers.15.mlp.down_proj.weight,grouped,256,5632,11534336,45056,5.580586730502546e-06,18.37453842163086,0.00801206286996603,0.0853794664144516,52.3729800910051,79.88263043490323
15,down_proj,model.layers.15.mlp.down_proj.weight,grouped,128,5632,11534336,90112,4.682483904616674e-06,16.895701668479226,0.007362965028733015,0.0853794664144516,62.418144661335155,81.36146718805486
15,down_proj,model.layers.15.mlp.down_proj.weight,grouped,64,5632,11534336,180224,3.852613190247212e-06,15.356792103160512,0.00669919652864337,0.0853794664144516,75.86330194596638,82.90037675337358
15,down_proj,model.layers.15.mlp.down_proj.weight,grouped,32,5632,11534336,360448,3.077437668252969e-06,13.749677484685725,0.006012401077896357,0.0853794664144516,94.97250285451175,84.50749137184837
15,down_proj,model.layers.15.mlp.down_proj.weight,grouped,16,5632,11534336,720896,2.340916125831427e-06,12.005597894841975,0.005287621170282364,0.0853794664144516,124.85366498508371,86.25157096169212
15,gate_proj,model.layers.15.mlp.gate_proj.weight,global,11534336,2048,11534336,1,0.00026770500699058175,86.63634386929598,0.0622209832072258,0.0622209832072258,1.0,0.0
15,gate_proj,model.layers.15.mlp.gate_proj.weight,grouped,512,2048,11534336,22528,9.187039722746704e-06,19.74988417191939,0.010172596201300621,0.0622209832072258,29.139419777162388,66.8864596973766
15,gate_proj,model.layers.15.mlp.gate_proj.weight,grouped,256,2048,11534336,45056,7.854519026295748e-06,18.292947248979047,0.009419224224984646,0.0622209832072258,34.08292806909572,68.34339662031694
15,gate_proj,model.layers.15.mlp.gate_proj.weight,grouped,128,2048,11534336,90112,6.606373517570319e-06,16.803576729514383,0.008652270771563053,0.0622209832072258,40.52223300402153,69.8327671397816
15,gate_proj,model.layers.15.mlp.gate_proj.weight,grouped,64,2048,11534336,180224,5.441926987259649e-06,15.262933210893111,0.007868382148444653,0.0622209832072258,49.19305378725561,71.37341065840288
15,gate_proj,model.layers.15.mlp.gate_proj.weight,grouped,32,2048,11534336,360448,4.34918683822616e-06,13.655549829656428,0.00706073921173811,0.0622209832072258,61.55288722886109,72.98079403963956
15,gate_proj,model.layers.15.mlp.gate_proj.weight,grouped,16,2048,11534336,720896,3.309546627860982e-06,11.926772377707742,0.006210720166563988,0.0622209832072258,80.88872498031677,74.70957149158824
15,k_proj,model.layers.15.self_attn.k_proj.weight,global,524288,2048,524288,1,0.0003751888871192932,64.57767486572266,0.0686383917927742,0.0686383917927742,1.0,0.0
15,k_proj,model.layers.15.self_attn.k_proj.weight,grouped,512,2048,524288,1024,4.438655014382675e-05,20.969009399414062,0.021062951534986496,0.0686383917927742,8.452760710250292,43.608665466308594
15,k_proj,model.layers.15.self_attn.k_proj.weight,grouped,256,2048,524288,2048,3.679787914734334e-05,19.17095184326172,0.01922733336687088,0.0686383917927742,10.195937804376978,45.40672302246094
15,k_proj,model.layers.15.self_attn.k_proj.weight,grouped,128,2048,524288,4096,2.9947659641038626e-05,17.365455627441406,0.0174008347094059,0.0686383917927742,12.52815383961273,47.21221923828125
15,k_proj,model.layers.15.self_attn.k_proj.weight,grouped,64,2048,524288,8192,2.3993316062842496e-05,15.616226196289062,0.015644807368516922,0.0686383917927742,15.637225222916705,48.961448669433594
15,k_proj,model.layers.15.self_attn.k_proj.weight,grouped,32,2048,524288,16384,1.8789465684676543e-05,13.898658752441406,0.01393340528011322,0.0686383917927742,19.968044510455275,50.67901611328125
15,k_proj,model.layers.15.self_attn.k_proj.weight,grouped,16,2048,524288,32768,1.4114244550000876e-05,12.084007263183594,0.012176957912743092,0.0686383917927742,26.58228612875139,52.49366760253906
15,o_proj,model.layers.15.self_attn.o_proj.weight,global,4194304,2048,4194304,1,0.00019546537077985704,94.26672458648682,0.060546875,0.060546875,1.0,0.0
15,o_proj,model.layers.15.self_attn.o_proj.weight,grouped,512,2048,4194304,8192,5.9241724557068665e-06,21.65350914001465,0.00821747351437807,0.060546875,32.99454434206445,72.61321544647217
15,o_proj,model.layers.15.self_attn.o_proj.weight,grouped,256,2048,4194304,16384,4.977548087481409e-06,19.807028770446777,0.007525767665356398,0.060546875,39.26940882227832,74.45969581604004
15,o_proj,model.layers.15.self_attn.o_proj.weight,grouped,128,2048,4194304,32768,3.850839675578754e-06,17.18459129333496,0.006595106795430183,0.060546875,50.759155728933315,77.08213329315186
15,o_proj,model.layers.15.self_attn.o_proj.weight,grouped,64,2048,4194304,65536,2.969744627989712e-06,14.830565452575684,0.00578166963532567,0.060546875,65.81891551805651,79.43615913391113
15,o_proj,model.layers.15.self_attn.o_proj.weight,grouped,32,2048,4194304,131072,2.4019796001084615e-06,13.367152214050293,0.005219074431806803,0.060546875,81.37678220540707,80.89957237243652
15,o_proj,model.layers.15.self_attn.o_proj.weight,grouped,16,2048,4194304,262144,1.8437361859469092e-06,11.72025203704834,0.004608329851180315,0.060546875,106.01591066536973,82.54647254943848
15,q_proj,model.layers.15.self_attn.q_proj.weight,global,4194304,2048,4194304,1,0.00026353501016274095,80.78174591064453,0.0622209832072258,0.0622209832072258,1.0,0.0
15,q_proj,model.layers.15.self_attn.q_proj.weight,grouped,512,2048,4194304,8192,1.7481388567830436e-05,21.426057815551758,0.012857414782047272,0.0622209832072258,15.075176044522161,59.35568809509277
15,q_proj,model.layers.15.self_attn.q_proj.weight,grouped,256,2048,4194304,16384,1.4042307157069445e-05,19.359111785888672,0.011592254042625427,0.0622209832072258,18.767215900847685,61.42263412475586
15,q_proj,model.layers.15.self_attn.q_proj.weight,grouped,128,2048,4194304,32768,1.1281090337433852e-05,17.535877227783203,0.01046611089259386,0.0622209832072258,23.36077473719514,63.24586868286133
15,q_proj,model.layers.15.self_attn.q_proj.weight,grouped,64,2048,4194304,65536,8.994463314593304e-06,15.786004066467285,0.009409742429852486,0.0622209832072258,29.299692593682785,64.99574184417725
15,q_proj,model.layers.15.self_attn.q_proj.weight,grouped,32,2048,4194304,131072,7.006663963693427e-06,14.034628868103027,0.008368863724172115,0.0622209832072258,37.61205211614338,66.7471170425415
15,q_proj,model.layers.15.self_attn.q_proj.weight,grouped,16,2048,4194304,262144,5.222081654210342e-06,12.190747261047363,0.0073094796389341354,0.0622209832072258,50.465509276413535,68.59099864959717
15,up_proj,model.layers.15.mlp.up_proj.weight,global,11534336,2048,11534336,1,0.00022219534730538726,89.02417096224698,0.0574776791036129,0.0574776791036129,1.0,0.0
15,up_proj,model.layers.15.mlp.up_proj.weight,grouped,512,2048,11534336,22528,6.625110017921543e-06,19.695177945223723,0.008766519837081432,0.0574776791036129,33.53836339386486,69.32899301702327
15,up_proj,model.layers.15.mlp.up_proj.weight,grouped,256,2048,11534336,45056,5.6653689171071164e-06,18.25056943026456,0.008120971731841564,0.0574776791036129,39.219925578799895,70.77360153198242
15,up_proj,model.layers.15.mlp.up_proj.weight,grouped,128,2048,11534336,90112,4.782072210218757e-06,16.793242367831144,0.007471963297575712,0.0574776791036129,46.464239253974554,72.23092859441584
15,up_proj,model.layers.15.mlp.up_proj.weight,grouped,64,2048,11534336,180224,3.952678071073024e-06,15.28214541348544,0.0068047125823795795,0.0574776791036129,56.21387406464611,73.74202554876155
15,up_proj,model.layers.15.mlp.up_proj.weight,grouped,32,2048,11534336,360448,3.1677388960815733e-06,13.6886943470348,0.006113492418080568,0.0574776791036129,70.14320137945657,75.33547661521219
15,up_proj,model.layers.15.mlp.up_proj.weight,grouped,16,2048,11534336,720896,2.4149428554665064e-06,11.958850513805043,0.0053813098929822445,0.0574776791036129,92.00853212837812,77.06532044844194
15,v_proj,model.layers.15.self_attn.v_proj.weight,global,524288,2048,524288,1,4.001628258265555e-05,61.42749786376953,0.02218191884458065,0.02218191884458065,1.0,0.0
15,v_proj,model.layers.15.self_attn.v_proj.weight,grouped,512,2048,524288,1024,5.728526048187632e-06,25.842857360839844,0.007973841391503811,0.02218191884458065,6.985441324006153,35.58464050292969
15,v_proj,model.layers.15.self_attn.v_proj.weight,grouped,256,2048,524288,2048,4.597443876264151e-06,23.296356201171875,0.0071679274551570415,0.02218191884458065,8.704028512289852,38.131141662597656
15,v_proj,model.layers.15.self_attn.v_proj.weight,grouped,128,2048,524288,4096,3.61547245120164e-06,20.659255981445312,0.0063674962148070335,0.02218191884458065,11.068064581533658,40.76824188232422
15,v_proj,model.layers.15.self_attn.v_proj.weight,grouped,64,2048,524288,8192,2.8184815619169967e-06,18.246841430664062,0.005628409795463085,0.02218191884458065,14.19781598835026,43.18065643310547
15,v_proj,model.layers.15.self_attn.v_proj.weight,grouped,32,2048,524288,16384,2.143497567885788e-06,15.87371826171875,0.004923489410430193,0.02218191884458065,18.668685788211604,45.55377960205078
15,v_proj,model.layers.15.self_attn.v_proj.weight,grouped,16,2048,524288,32768,1.5546052054560278e-06,13.456535339355469,0.004224239382892847,0.02218191884458065,25.740478960326893,47.97096252441406
16,down_proj,model.layers.16.mlp.down_proj.weight,global,11534336,5632,11534336,1,0.00030032239737920463,99.22803531993519,0.0959821417927742,0.0959821417927742,1.0,0.0
16,down_proj,model.layers.16.mlp.down_proj.weight,grouped,512,5632,11534336,22528,6.572190159204183e-06,19.853938709605824,0.008645751513540745,0.0959821417927742,45.695938508202,79.37409661032936
16,down_proj,model.layers.16.mlp.down_proj.weight,grouped,256,5632,11534336,45056,5.5933969633770175e-06,18.40985038063743,0.008006030693650246,0.0959821417927742,53.69230886804157,80.81818493929777
16,down_proj,model.layers.16.mlp.down_proj.weight,grouped,128,5632,11534336,90112,4.695328243542463e-06,16.92053187977184,0.0073577421717345715,0.0959821417927742,63.96196001679784,82.30750344016334
16,down_proj,model.layers.16.mlp.down_proj.weight,grouped,64,5632,11534336,180224,3.852323061437346e-06,15.366918390447443,0.006689819972962141,0.0959821417927742,77.9587777529621,83.86111692948775
16,down_proj,model.layers.16.mlp.down_proj.weight,grouped,32,5632,11534336,360448,3.0692719974467764e-06,13.734938881613992,0.005999386310577393,0.0959821417927742,97.848088285767,85.4930964383212
16,down_proj,model.layers.16.mlp.down_proj.weight,grouped,16,5632,11534336,720896,2.3301147393794963e-06,11.97762055830522,0.005272903013974428,0.0959821417927742,128.88738580280375,87.25041476162997
16,gate_proj,model.layers.16.mlp.gate_proj.weight,global,11534336,2048,11534336,1,0.0003709131560754031,94.46718042547053,0.0831473246216774,0.0831473246216774,1.0,0.0
16,gate_proj,model.layers.16.mlp.gate_proj.weight,grouped,512,2048,11534336,22528,9.47622538660653e-06,19.41086162220348,0.01031936053186655,0.0831473246216774,39.141445136968024,75.05631880326705
16,gate_proj,model.layers.16.mlp.gate_proj.weight,grouped,256,2048,11534336,45056,8.123661245917901e-06,18.0072697726163,0.009570435620844364,0.0831473246216774,45.65837309646375,76.45991065285423
16,gate_proj,model.layers.16.mlp.gate_proj.weight,grouped,128,2048,11534336,90112,6.863618636998581e-06,16.580642353404652,0.008812463842332363,0.0831473246216774,54.040466944941045,77.88653807206587
16,gate_proj,model.layers.16.mlp.gate_proj.weight,grouped,64,2048,11534336,180224,5.675494776369305e-06,15.093049136075107,0.008029071614146233,0.0831473246216774,65.3534485873814,79.37413128939542
16,gate_proj,model.layers.16.mlp.gate_proj.weight,grouped,32,2048,11534336,360448,4.547761818685103e-06,13.529326698996805,0.0072142332792282104,0.0831473246216774,81.55949472803424,80.93785372647372
16,gate_proj,model.layers.16.mlp.gate_proj.weight,grouped,16,2048,11534336,720896,3.4707175018411363e-06,11.830746043812145,0.00635514548048377,0.0831473246216774,106.86930177366557,82.63643438165839
16,k_proj,model.layers.16.self_attn.k_proj.weight,global,524288,2048,524288,1,0.0002545617753639817,52.403831481933594,0.0555245541036129,0.0555245541036129,1.0,0.0
16,k_proj,model.layers.16.self_attn.k_proj.weight,grouped,512,2048,524288,1024,4.341486419434659e-05,20.350265502929688,0.0213947631418705,0.0555245541036129,5.863470497671862,32.053565979003906
16,k_proj,model.layers.16.self_attn.k_proj.weight,grouped,256,2048,524288,2048,3.6565990740200505e-05,18.718528747558594,0.019665973260998726,0.0555245541036129,6.961708686430244,33.685302734375
16,k_proj,model.layers.16.self_attn.k_proj.weight,grouped,128,2048,524288,4096,3.0188686650944874e-05,17.07000732421875,0.017917122691869736,0.0555245541036129,8.432356740368968,35.333824157714844
16,k_proj,model.layers.16.self_attn.k_proj.weight,grouped,64,2048,524288,8192,2.4541226594010368e-05,15.471076965332031,0.016203077509999275,0.0555245541036129,10.372822009887278,36.93275451660156
16,k_proj,model.layers.16.self_attn.k_proj.weight,grouped,32,2048,524288,16384,1.9338895071996376e-05,13.784980773925781,0.01446542702615261,0.0555245541036129,13.163201641886928,38.61885070800781
16,k_proj,model.layers.16.self_attn.k_proj.weight,grouped,16,2048,524288,32768,1.4623244169342797e-05,12.011337280273438,0.012683461420238018,0.0555245541036129,17.408023309742923,40.392494201660156
16,o_proj,model.layers.16.self_attn.o_proj.weight,global,4194304,2048,4194304,1,0.00013828714145347476,83.94629955291748,0.0435267873108387,0.0435267873108387,1.0,0.0
16,o_proj,model.layers.16.self_attn.o_proj.weight,grouped,512,2048,4194304,8192,5.356324436434079e-06,20.252227783203125,0.007846653461456299,0.0435267873108387,25.817543932334704,63.694071769714355
16,o_proj,model.layers.16.self_attn.o_proj.weight,grouped,256,2048,4194304,16384,4.503387572185602e-06,18.557405471801758,0.0071908761747181416,0.0435267873108387,30.707359568068597,65.38889408111572
16,o_proj,model.layers.16.self_attn.o_proj.weight,grouped,128,2048,4194304,32768,3.7002305361966137e-06,16.809582710266113,0.006523218005895615,0.0435267873108387,37.372574519537125,67.13671684265137
16,o_proj,model.layers.16.self_attn.o_proj.weight,grouped,64,2048,4194304,65536,2.9534023724409053e-06,14.916753768920898,0.005825999192893505,0.0435267873108387,46.82299396244619,69.02954578399658
16,o_proj,model.layers.16.self_attn.o_proj.weight,grouped,32,2048,4194304,131072,2.386226015005377e-06,13.419485092163086,0.005253275856375694,0.0435267873108387,57.952239470980345,70.5268144607544
16,o_proj,model.layers.16.self_attn.o_proj.weight,grouped,16,2048,4194304,262144,1.8325672499486245e-06,11.773967742919922,0.00463891914114356,0.0435267873108387,75.46088224448603,72.17233180999756
16,q_proj,model.layers.16.self_attn.q_proj.weight,global,4194304,2048,4194304,1,0.00035112490877509117,86.0687255859375,0.07421875,0.07421875,1.0,0.0
16,q_proj,model.layers.16.self_attn.q_proj.weight,grouped,512,2048,4194304,8192,1.727252129057888e-05,21.25561237335205,0.013057539239525795,0.07421875,20.328526615660255,64.81311321258545
16,q_proj,model.layers.16.self_attn.q_proj.weight,grouped,256,2048,4194304,16384,1.4030986676516477e-05,19.31300163269043,0.011845670640468597,0.07421875,25.024962026566914,66.75572395324707
16,q_proj,model.layers.16.self_attn.q_proj.weight,grouped,128,2048,4194304,32768,1.1387523045414127e-05,17.505264282226562,0.010731219314038754,0.07421875,30.834177667503628,68.56346130371094
16,q_proj,model.layers.16.self_attn.q_proj.weight,grouped,64,2048,4194304,65536,9.150181540462654e-06,15.790009498596191,0.00967218168079853,0.07421875,38.3735456200946,70.27871608734131
16,q_proj,model.layers.16.self_attn.q_proj.weight,grouped,32,2048,4194304,131072,7.172700861701742e-06,14.02585506439209,0.008612077683210373,0.07421875,48.95295587327559,72.04287052154541
16,q_proj,model.layers.16.self_attn.q_proj.weight,grouped,16,2048,4194304,262144,5.378581136028515e-06,12.18423843383789,0.007531558629125357,0.07421875,65.28206973082085,73.88448715209961
16,up_proj,model.layers.16.mlp.up_proj.weight,global,11534336,2048,11534336,1,0.00025817647110670805,93.50171522660689,0.06640625,0.06640625,1.0,0.0
16,up_proj,model.layers.16.mlp.up_proj.weight,grouped,512,2048,11534336,22528,6.388513611454982e-06,19.316560571843926,0.008631669916212559,0.06640625,40.4126040592263,74.18515465476297
16,up_proj,model.layers.16.mlp.up_proj.weight,grouped,256,2048,11534336,45056,5.515759767149575e-06,17.983297868208453,0.008031127043068409,0.06640625,46.807055057825345,75.51841735839844
16,up_proj,model.layers.16.mlp.up_proj.weight,grouped,128,2048,11534336,90112,4.689366960519692e-06,16.595016826282848,0.007411808241158724,0.06640625,55.05571930717404,76.90669840032405
16,up_proj,model.layers.16.mlp.up_proj.weight,grouped,64,2048,11534336,180224,3.897614988090936e-06,15.141227028586648,0.006766289006918669,0.06640625,66.23960342300605,78.36048819802025
16,up_proj,model.layers.16.mlp.up_proj.weight,grouped,32,2048,11534336,360448,3.136292889394099e-06,13.589338822798295,0.006088580470532179,0.06640625,82.31899258509151,79.9123764038086
16,up_proj,model.layers.16.mlp.up_proj.weight,grouped,16,2048,11534336,720896,2.3993495688046096e-06,11.902332305908203,0.005367622245103121,0.06640625,107.60269135578076,81.59938292069869
16,v_proj,model.layers.16.self_attn.v_proj.weight,global,524288,2048,524288,1,1.8429695046506822e-05,39.81361389160156,0.014927455224096775,0.014927455224096775,1.0,0.0
16,v_proj,model.layers.16.self_attn.v_proj.weight,grouped,512,2048,524288,1024,4.63759488411597e-06,20.467758178710938,0.0073623997159302235,0.014927455224096775,3.973976922742776,19.345855712890625
16,v_proj,model.layers.16.self_attn.v_proj.weight,grouped,256,2048,524288,2048,4.0353843360207975e-06,19.140243530273438,0.006858042441308498,0.014927455224096775,4.567023488196401,20.673370361328125
16,v_proj,model.layers.16.self_attn.v_proj.weight,grouped,128,2048,524288,4096,3.4298211630812148e-06,17.67444610595703,0.006319509819149971,0.014927455224096775,5.37336909716608,22.13916778564453
16,v_proj,model.layers.16.self_attn.v_proj.weight,grouped,64,2048,524288,8192,2.8387066777213477e-06,16.13903045654297,0.0057557630352675915,0.014927455224096775,6.492285797312628,23.674583435058594
16,v_proj,model.layers.16.self_attn.v_proj.weight,grouped,32,2048,524288,16384,2.2759513740311377e-06,14.473915100097656,0.005167292430996895,0.014927455224096775,8.097578558484036,25.339698791503906
16,v_proj,model.layers.16.self_attn.v_proj.weight,grouped,16,2048,524288,32768,1.733495764710824e-06,12.639808654785156,0.004537246655672789,0.014927455224096775,10.631520088877288,27.173805236816406
17,down_proj,model.layers.17.mlp.down_proj.weight,global,11534336,5632,11534336,1,0.000304977351333946,98.51831089366566,0.0887276753783226,0.0887276753783226,1.0,0.0
17,down_proj,model.layers.17.mlp.down_proj.weight,grouped,512,5632,11534336,22528,6.516248959087534e-06,19.478208368474785,0.008658559992909431,0.0887276753783226,46.80259352408963,79.04010252519087
17,down_proj,model.layers.17.mlp.down_proj.weight,grouped,256,5632,11534336,45056,5.577583578997292e-06,18.084976889870383,0.008036281913518906,0.0887276753783226,54.67911811888495,80.43333400379527
17,down_proj,model.layers.17.mlp.down_proj.weight,grouped,128,5632,11534336,90112,4.7085381993383635e-06,16.641460765491832,0.007401323411613703,0.0887276753783226,64.77113244547978,81.87685012817383
17,down_proj,model.layers.17.mlp.down_proj.weight,grouped,64,5632,11534336,180224,3.898588602169184e-06,15.155766227028586,0.006751210894435644,0.0887276753783226,78.22763119049182,83.36254466663706
17,down_proj,model.layers.17.mlp.down_proj.weight,grouped,32,5632,11534336,360448,3.1267904887499753e-06,13.583694804798473,0.006069422233849764,0.0887276753783226,97.53686805407595,84.93461608886719
17,down_proj,model.layers.17.mlp.down_proj.weight,grouped,16,5632,11534336,720896,2.3880970729805995e-06,11.873748085715555,0.005347561091184616,0.0887276753783226,127.70726734039407,86.64456280795011
17,gate_proj,model.layers.17.mlp.gate_proj.weight,global,11534336,2048,11534336,1,0.0003008413768839091,88.04622129960494,0.06640625,0.06640625,1.0,0.0
17,gate_proj,model.layers.17.mlp.gate_proj.weight,grouped,512,2048,11534336,22528,9.263839274353813e-06,19.156906821511008,0.010247483849525452,0.06640625,32.47480531282144,68.88931447809392
17,gate_proj,model.layers.17.mlp.gate_proj.weight,grouped,256,2048,11534336,45056,7.978141184139531e-06,17.81348315152255,0.009529774077236652,0.06640625,37.708204196984994,70.23273814808239
17,gate_proj,model.layers.17.mlp.gate_proj.weight,grouped,128,2048,11534336,90112,6.768378170818323e-06,16.43079410899769,0.008792725391685963,0.06640625,44.4480744561494,71.61542719060725
17,gate_proj,model.layers.17.mlp.gate_proj.weight,grouped,64,2048,11534336,180224,5.615424015559256e-06,14.973111586137252,0.008026503957808018,0.06640625,53.574115872699146,73.07310971346769
17,gate_proj,model.layers.17.mlp.gate_proj.weight,grouped,32,2048,11534336,360448,4.518720743362792e-06,13.440791043368252,0.007226068992167711,0.06640625,66.5766693650614,74.60543025623669
17,gate_proj,model.layers.17.mlp.gate_proj.weight,grouped,16,2048,11534336,720896,3.4589008919283515e-06,11.76673715764826,0.006374537944793701,0.06640625,86.97600373169085,76.27948414195667
17,k_proj,model.layers.17.self_attn.k_proj.weight,global,524288,2048,524288,1,0.0003265241102781147,61.650848388671875,0.0633370503783226,0.0633370503783226,1.0,0.0
17,k_proj,model.layers.17.self_attn.k_proj.weight,grouped,512,2048,524288,1024,4.085338150616735e-05,21.251678466796875,0.02050522342324257,0.0633370503783226,7.99258465859972,40.399169921875
17,k_proj,model.layers.17.self_attn.k_proj.weight,grouped,256,2048,524288,2048,3.3646512747509405e-05,19.44732666015625,0.01869162544608116,0.0633370503783226,9.704545393111646,42.203521728515625
17,k_proj,model.layers.17.self_attn.k_proj.weight,grouped,128,2048,524288,4096,2.7108606445835903e-05,17.547035217285156,0.01685291901230812,0.0633370503783226,12.04503488331365,44.10381317138672
17,k_proj,model.layers.17.self_attn.k_proj.weight,grouped,64,2048,524288,8192,2.1546282368944958e-05,15.756797790527344,0.015095759183168411,0.0633370503783226,15.1545452104879,45.89405059814453
17,k_proj,model.layers.17.self_attn.k_proj.weight,grouped,32,2048,524288,16384,1.6784133549663238e-05,13.954925537109375,0.013414162211120129,0.0633370503783226,19.454332230612295,47.6959228515625
17,k_proj,model.layers.17.self_attn.k_proj.weight,grouped,16,2048,524288,32768,1.2553100532386452e-05,12.114524841308594,0.01171899400651455,0.0633370503783226,26.011431154852676,49.53632354736328
17,o_proj,model.layers.17.self_attn.o_proj.weight,global,4194304,2048,4194304,1,0.00018454145174473524,88.03853988647461,0.0524553582072258,0.0524553582072258,1.0,0.0
17,o_proj,model.layers.17.self_attn.o_proj.weight,grouped,512,2048,4194304,8192,6.053743163647596e-06,19.951725006103516,0.00830085389316082,0.0524553582072258,30.483858788872446,68.0868148803711
17,o_proj,model.layers.17.self_attn.o_proj.weight,grouped,256,2048,4194304,16384,5.1235210776212625e-06,18.378639221191406,0.007646780461072922,0.0524553582072258,36.0184820065996,69.6599006652832
17,o_proj,model.layers.17.self_attn.o_proj.weight,grouped,128,2048,4194304,32768,4.293585334380623e-06,16.80781841278076,0.00700194388628006,0.0524553582072258,42.98073460122728,71.23072147369385
17,o_proj,model.layers.17.self_attn.o_proj.weight,grouped,64,2048,4194304,65536,3.4227196010760963e-06,14.865422248840332,0.006244898773729801,0.0524553582072258,53.916614053548464,73.17311763763428
17,o_proj,model.layers.17.self_attn.o_proj.weight,grouped,32,2048,4194304,131072,2.7725000109057873e-06,13.391613960266113,0.005637330934405327,0.0524553582072258,66.5613890058903,74.6469259262085
17,o_proj,model.layers.17.self_attn.o_proj.weight,grouped,16,2048,4194304,262144,2.1294576981745195e-06,11.747503280639648,0.004979155957698822,0.0524553582072258,86.66124333107611,76.29103660583496
17,q_proj,model.layers.17.self_attn.q_proj.weight,global,4194304,2048,4194304,1,0.00032775680301710963,87.47258186340332,0.0731026753783226,0.0731026753783226,1.0,0.0
17,q_proj,model.layers.17.self_attn.q_proj.weight,grouped,512,2048,4194304,8192,1.3531927834264934e-05,20.567727088928223,0.011743399314582348,0.0731026753783226,24.220998443930416,66.9048547744751
17,q_proj,model.layers.17.self_attn.q_proj.weight,grouped,256,2048,4194304,16384,1.115250324801309e-05,18.790841102600098,0.010716453194618225,0.0731026753783226,29.388631030033746,68.68174076080322
17,q_proj,model.layers.17.self_attn.q_proj.weight,grouped,128,2048,4194304,32768,9.19221383810509e-06,17.133235931396484,0.009767022915184498,0.0731026753783226,35.65591584243153,70.33934593200684
17,q_proj,model.layers.17.self_attn.q_proj.weight,grouped,64,2048,4194304,65536,7.492601980629843e-06,15.516376495361328,0.008842775598168373,0.0731026753783226,43.744056319078325,71.95620536804199
17,q_proj,model.layers.17.self_attn.q_proj.weight,grouped,32,2048,4194304,131072,5.936492016189732e-06,13.843297958374023,0.007908448576927185,0.0731026753783226,55.210518623332796,73.6292839050293
17,q_proj,model.layers.17.self_attn.q_proj.weight,grouped,16,2048,4194304,262144,4.488789272727445e-06,12.055683135986328,0.006938436068594456,0.0731026753783226,73.01674975220222,75.41689872741699
17,up_proj,model.layers.17.mlp.up_proj.weight,global,11534336,2048,11534336,1,0.00021140383614692837,86.34447617964311,0.0544084832072258,0.0544084832072258,1.0,0.0
17,up_proj,model.layers.17.mlp.up_proj.weight,grouped,512,2048,11534336,22528,6.549028512381483e-06,19.21489888971502,0.00873938761651516,0.0544084832072258,32.280182586967186,67.1295772899281
17,up_proj,model.layers.17.mlp.up_proj.weight,grouped,256,2048,11534336,45056,5.654708274960285e-06,17.885208129882812,0.008133040741086006,0.0544084832072258,37.38545400883888,68.4592680497603
17,up_proj,model.layers.17.mlp.up_proj.weight,grouped,128,2048,11534336,90112,4.80933385915705e-06,16.50564887306907,0.007509206421673298,0.0544084832072258,43.956989125305164,69.83882730657405
17,up_proj,model.layers.17.mlp.up_proj.weight,grouped,64,2048,11534336,180224,3.998806732852245e-06,15.053272247314453,0.00685851089656353,0.0544084832072258,52.86673006978247,71.29120393232866
17,up_proj,model.layers.17.mlp.up_proj.weight,grouped,32,2048,11534336,360448,3.2204159197135596e-06,13.516868244517934,0.006174673326313496,0.0544084832072258,65.64488606978807,72.82760793512517
17,up_proj,model.layers.17.mlp.up_proj.weight,grouped,16,2048,11534336,720896,2.4636872240080265e-06,11.835748499090021,0.0054456633515655994,0.0544084832072258,85.8079037334163,74.5087276805531
17,v_proj,model.layers.17.self_attn.v_proj.weight,global,524288,2048,524288,1,5.308655818225816e-05,53.26805114746094,0.025390625,0.025390625,1.0,0.0
17,v_proj,model.layers.17.self_attn.v_proj.weight,grouped,512,2048,524288,1024,8.40706707094796e-06,21.476173400878906,0.009612849913537502,0.025390625,6.31451583938324,31.79187774658203
17,v_proj,model.layers.17.self_attn.v_proj.weight,grouped,256,2048,524288,2048,7.074266704876209e-06,19.861602783203125,0.008842723444104195,0.025390625,7.504178227499709,33.40644836425781
17,v_proj,model.layers.17.self_attn.v_proj.weight,grouped,128,2048,524288,4096,5.8235668802808505e-06,18.201065063476562,0.008040951564908028,0.025390625,9.115814976215741,35.066986083984375
17,v_proj,model.layers.17.self_attn.v_proj.weight,grouped,64,2048,524288,8192,4.723236088466365e-06,16.52050018310547,0.007257306016981602,0.025390625,11.239446258443408,36.74755096435547
17,v_proj,model.layers.17.self_attn.v_proj.weight,grouped,32,2048,524288,16384,3.716266746778274e-06,14.789009094238281,0.006468485575169325,0.025390625,14.284915965270859,38.479042053222656
17,v_proj,model.layers.17.self_attn.v_proj.weight,grouped,16,2048,524288,32768,2.775467919491348e-06,12.856483459472656,0.00564598897472024,0.025390625,19.127066037926745,40.41156768798828
18,down_proj,model.layers.18.mlp.down_proj.weight,global,11534336,5632,11534336,1,0.0003144099609926343,98.57581745494495,0.08984375,0.08984375,1.0,0.0
18,down_proj,model.layers.18.mlp.down_proj.weight,grouped,512,5632,11534336,22528,6.480993761215359e-06,19.08551129427823,0.00867862906306982,0.08984375,48.512615900693916,79.49030616066672
18,down_proj,model.layers.18.mlp.down_proj.weight,grouped,256,5632,11534336,45056,5.578700438491069e-06,17.74905811656605,0.008068839088082314,0.08984375,56.35899694905937,80.8267593383789
18,down_proj,model.layers.18.mlp.down_proj.weight,grouped,128,5632,11534336,90112,4.745640126202488e-06,16.396427154541016,0.007453137543052435,0.08984375,66.25238168748976,82.17939030040394
18,down_proj,model.layers.18.mlp.down_proj.weight,grouped,64,5632,11534336,180224,3.9489495975431055e-06,14.968525279651988,0.006811465136706829,0.08984375,79.61863103754195,83.60729217529297
18,down_proj,model.layers.18.mlp.down_proj.weight,grouped,32,5632,11534336,360448,3.1845820558373816e-06,13.45208774913441,0.006136382929980755,0.08984375,98.7287987810886,85.12372970581055
18,down_proj,model.layers.18.mlp.down_proj.weight,grouped,16,5632,11534336,720896,2.4404641862929566e-06,11.786703629927201,0.005415766965597868,0.08984375,128.8320323480019,86.78911382501775
18,gate_proj,model.layers.18.mlp.gate_proj.weight,global,11534336,2048,11534336,1,0.00017936901713255793,73.44202561811967,0.0471540167927742,0.0471540167927742,1.0,0.0
18,gate_proj,model.layers.18.mlp.gate_proj.weight,grouped,512,2048,11534336,22528,9.144009709416423e-06,18.872174349698152,0.01019955612719059,0.0471540167927742,19.616013415629386,54.569851268421516
18,gate_proj,model.layers.18.mlp.gate_proj.weight,grouped,256,2048,11534336,45056,7.920089046820067e-06,17.599539323286578,0.009504011832177639,0.0471540167927742,22.64734854270041,55.842486294833094
18,gate_proj,model.layers.18.mlp.gate_proj.weight,grouped,128,2048,11534336,90112,6.7538699113356415e-06,16.278778422962535,0.008788547478616238,0.0471540167927742,26.557961507595284,57.16324719515714
18,gate_proj,model.layers.18.mlp.gate_proj.weight,grouped,64,2048,11534336,180224,5.625272933684755e-06,14.884801344438033,0.008036736398935318,0.0471540167927742,31.886278096566027,58.55722427368164
18,gate_proj,model.layers.18.mlp.gate_proj.weight,grouped,32,2048,11534336,360448,4.533576429821551e-06,13.380241394042969,0.007242036052048206,0.0471540167927742,39.56457333611517,60.0617842240767
18,gate_proj,model.layers.18.mlp.gate_proj.weight,grouped,16,2048,11534336,720896,3.4770068850775715e-06,11.733159151944248,0.00639465032145381,0.0471540167927742,51.58719066745714,61.70886646617542
18,k_proj,model.layers.18.self_attn.k_proj.weight,global,524288,2048,524288,1,0.00032768218079581857,62.65392303466797,0.0636160746216774,0.0636160746216774,1.0,0.0
18,k_proj,model.layers.18.self_attn.k_proj.weight,grouped,512,2048,524288,1024,4.5202395995147526e-05,22.251319885253906,0.02133689634501934,0.0636160746216774,7.2492214977054585,40.40260314941406
18,k_proj,model.layers.18.self_attn.k_proj.weight,grouped,256,2048,524288,2048,3.631612707977183e-05,20.071029663085938,0.019174780696630478,0.0636160746216774,9.02304863280254,42.58289337158203
18,k_proj,model.layers.18.self_attn.k_proj.weight,grouped,128,2048,524288,4096,2.8636844945140183e-05,17.97637939453125,0.01712076924741268,0.0636160746216774,11.442677481529888,44.67754364013672
18,k_proj,model.layers.18.self_attn.k_proj.weight,grouped,64,2048,524288,8192,2.234865678474307e-05,15.977287292480469,0.015212936326861382,0.0636160746216774,14.662276303760676,46.6766357421875
18,k_proj,model.layers.18.self_attn.k_proj.weight,grouped,32,2048,524288,16384,1.7205466065206565e-05,14.090347290039062,0.013444250449538231,0.0636160746216774,19.04523710976175,48.563575744628906
18,k_proj,model.layers.18.self_attn.k_proj.weight,grouped,16,2048,524288,32768,1.269853237317875e-05,12.196159362792969,0.011683359742164612,0.0636160746216774,25.804728543901156,50.457763671875
18,o_proj,model.layers.18.self_attn.o_proj.weight,global,4194304,2048,4194304,1,0.0002831443853210658,98.09517860412598,0.0842633917927742,0.0842633917927742,1.0,0.0
18,o_proj,model.layers.18.self_attn.o_proj.weight,grouped,512,2048,4194304,8192,6.430877874663565e-06,19.898557662963867,0.008577145636081696,0.0842633917927742,44.02888545537473,78.19662094116211
18,o_proj,model.layers.18.self_attn.o_proj.weight,grouped,256,2048,4194304,16384,5.42975431017112e-06,18.314027786254883,0.00789720844477415,0.0842633917927742,52.14681349221903,79.7811508178711
18,o_proj,model.layers.18.self_attn.o_proj.weight,grouped,128,2048,4194304,32768,4.509543941821903e-06,16.670608520507812,0.007207769900560379,0.0842633917927742,62.787809360312494,81.42457008361816
18,o_proj,model.layers.18.self_attn.o_proj.weight,grouped,64,2048,4194304,65536,3.6388507851370377e-06,14.877820014953613,0.006474272347986698,0.0842633917927742,77.81148555955494,83.21735858917236
18,o_proj,model.layers.18.self_attn.o_proj.weight,grouped,32,2048,4194304,131072,2.9420300506899366e-06,13.40649127960205,0.005842629354447126,0.0842633917927742,96.24116016580642,84.68868732452393
18,o_proj,model.layers.18.self_attn.o_proj.weight,grouped,16,2048,4194304,262144,2.25382996177359e-06,11.758255958557129,0.00516014127060771,0.0842633917927742,125.62810421521462,86.33692264556885
18,q_proj,model.layers.18.self_attn.q_proj.weight,global,4194304,2048,4194304,1,0.000266590213868767,81.35263919830322,0.0622209832072258,0.0622209832072258,1.0,0.0
18,q_proj,model.layers.18.self_attn.q_proj.weight,grouped,512,2048,4194304,8192,1.4515572729578707e-05,20.702624320983887,0.012171819806098938,0.0622209832072258,18.36580745625904,60.650014877319336
18,q_proj,model.layers.18.self_attn.q_proj.weight,grouped,256,2048,4194304,16384,1.1930877008126117e-05,18.874311447143555,0.011082233861088753,0.0622209832072258,22.344561400406064,62.47832775115967
18,q_proj,model.layers.18.self_attn.q_proj.weight,grouped,128,2048,4194304,32768,9.83428253675811e-06,17.20883846282959,0.010091010481119156,0.0622209832072258,27.108252470103324,64.14380073547363
18,q_proj,model.layers.18.self_attn.q_proj.weight,grouped,64,2048,4194304,65536,7.99308418208966e-06,15.559625625610352,0.009126921184360981,0.0622209832072258,33.352609305194555,65.79301357269287
18,q_proj,model.layers.18.self_attn.q_proj.weight,grouped,32,2048,4194304,131072,6.3078177845454775e-06,13.861608505249023,0.008148043416440487,0.0622209832072258,42.26346146553704,67.4910306930542
18,q_proj,model.layers.18.self_attn.q_proj.weight,grouped,16,2048,4194304,262144,4.763465767609887e-06,12.072515487670898,0.007143574766814709,0.0622209832072258,55.9655987624597,69.28012371063232
18,up_proj,model.layers.18.mlp.up_proj.weight,global,11534336,2048,11534336,1,0.00016992016753647476,79.1549335826527,0.0465959832072258,0.0465959832072258,1.0,0.0
18,up_proj,model.layers.18.mlp.up_proj.weight,grouped,512,2048,11534336,22528,6.523504453070927e-06,18.850595300847832,0.00876710657030344,0.0465959832072258,26.04737511238843,60.304338281804874
18,up_proj,model.layers.18.mlp.up_proj.weight,grouped,256,2048,11534336,45056,5.683270501322113e-06,17.60409095070579,0.008184320293366909,0.0465959832072258,29.898307232947268,61.550842631946914
18,up_proj,model.layers.18.mlp.up_proj.weight,grouped,128,2048,11534336,90112,4.867360530624865e-06,16.30460565740412,0.007577566895633936,0.0465959832072258,34.91012561476737,62.85032792524858
18,up_proj,model.layers.18.mlp.up_proj.weight,grouped,64,2048,11534336,180224,4.071454441145761e-06,14.915093508633701,0.006937004160135984,0.0465959832072258,41.73451281175505,64.239840074019
18,up_proj,model.layers.18.mlp.up_proj.weight,grouped,32,2048,11534336,360448,3.2923007893259637e-06,13.42004429210316,0.006256574764847755,0.0465959832072258,51.611374054089,65.73488929054955
18,up_proj,model.layers.18.mlp.up_proj.weight,grouped,16,2048,11534336,720896,2.52681252277398e-06,11.765731464732777,0.005523191764950752,0.0465959832072258,67.24684400009754,67.38920211791992
18,v_proj,model.layers.18.self_attn.v_proj.weight,global,524288,2048,524288,1,0.00012989173410460353,72.94807434082031,0.0404575876891613,0.0404575876891613,1.0,0.0
18,v_proj,model.layers.18.self_attn.v_proj.weight,grouped,512,2048,524288,1024,1.471355790272355e-05,26.198196411132812,0.012083837762475014,0.0404575876891613,8.828030240093046,46.7498779296875
18,v_proj,model.layers.18.self_attn.v_proj.weight,grouped,256,2048,524288,2048,1.1504892427183222e-05,23.556900024414062,0.0107578719034791,0.0404575876891613,11.29013025777637,49.39117431640625
18,v_proj,model.layers.18.self_attn.v_proj.weight,grouped,128,2048,524288,4096,8.635007361590397e-06,20.731353759765625,0.009393432177603245,0.0404575876891613,15.042457830711108,52.21672058105469
18,v_proj,model.layers.18.self_attn.v_proj.weight,grouped,64,2048,524288,8192,6.491809017461492e-06,18.305397033691406,0.008231023326516151,0.0404575876891613,20.008557515358856,54.642677307128906
18,v_proj,model.layers.18.self_attn.v_proj.weight,grouped,32,2048,524288,16384,4.750976586365141e-06,15.883255004882812,0.00711626373231411,0.0404575876891613,27.34000720554605,57.0648193359375
18,v_proj,model.layers.18.self_attn.v_proj.weight,grouped,16,2048,524288,32768,3.346443008922506e-06,13.493537902832031,0.0060610296204686165,0.0404575876891613,38.81486514435706,59.45453643798828
19,down_proj,model.layers.19.mlp.down_proj.weight,global,11534336,5632,11534336,1,0.0003017854760400951,96.10618244517933,0.0770089253783226,0.0770089253783226,1.0,0.0
19,down_proj,model.layers.19.mlp.down_proj.weight,grouped,512,5632,11534336,22528,6.71298903398565e-06,18.985930356112394,0.008822507224977016,0.0770089253783226,44.95545494149547,77.12025208906694
19,down_proj,model.layers.19.mlp.down_proj.weight,grouped,256,5632,11534336,45056,5.779922958026873e-06,17.68201481212269,0.008210656233131886,0.0770089253783226,52.2127160226228,78.42416763305664
19,down_proj,model.layers.19.mlp.down_proj.weight,grouped,128,5632,11534336,90112,4.919901584798936e-06,16.33970087224787,0.0075861201621592045,0.0770089253783226,61.33973837454887,79.76648157293145
19,down_proj,model.layers.19.mlp.down_proj.weight,grouped,64,5632,11534336,180224,4.095946223969804e-06,14.93629975752397,0.006936293561011553,0.0770089253783226,73.67906206239292,81.16988268765536
19,down_proj,model.layers.19.mlp.down_proj.weight,grouped,32,5632,11534336,360448,3.300089247204596e-06,13.440608978271484,0.006251197773963213,0.0770089253783226,91.44767108820716,82.66557346690784
19,down_proj,model.layers.19.mlp.down_proj.weight,grouped,16,5632,11534336,720896,2.5291262772952905e-06,11.782646179199219,0.00551736680790782,0.0770089253783226,119.32400479537615,84.32353626598011
19,gate_proj,model.layers.19.mlp.gate_proj.weight,global,11534336,2048,11534336,1,0.00028151183505542576,85.63490780917081,0.0625,0.0625,1.0,0.0
19,gate_proj,model.layers.19.mlp.gate_proj.weight,grouped,512,2048,11534336,22528,9.108983249461744e-06,18.79671270197088,0.01020343229174614,0.0625,30.9048581324442,66.83819510719994
19,gate_proj,model.layers.19.mlp.gate_proj.weight,grouped,256,2048,11534336,45056,7.887032552389428e-06,17.54006472500888,0.00951012596487999,0.0625,35.692997738438386,68.09484308416194
19,gate_proj,model.layers.19.mlp.gate_proj.weight,grouped,128,2048,11534336,90112,6.722555554006249e-06,16.237701069224965,0.008795492351055145,0.0625,41.875717172416856,69.39720673994584
19,gate_proj,model.layers.19.mlp.gate_proj.weight,grouped,64,2048,11534336,180224,5.606461400020635e-06,14.85583565451882,0.008047796785831451,0.0625,50.21203482367499,70.779072154652
19,gate_proj,model.layers.19.mlp.gate_proj.weight,grouped,32,2048,11534336,360448,4.523479674389819e-06,13.366872614080256,0.007255724165588617,0.0625,62.23346965594567,72.26803519509056
19,gate_proj,model.layers.19.mlp.gate_proj.weight,grouped,16,2048,11534336,720896,3.4698705349001102e-06,11.720093813809482,0.006406055763363838,0.0625,81.1303569467412,73.91481399536133
19,k_proj,model.layers.19.self_attn.k_proj.weight,global,524288,2048,524288,1,0.000444077595602721,71.0531234741211,0.0753348246216774,0.0753348246216774,1.0,0.0
19,k_proj,model.layers.19.self_attn.k_proj.weight,grouped,512,2048,524288,1024,4.2346051486674696e-05,22.57823944091797,0.02080770954489708,0.0753348246216774,10.48687138498525,48.474884033203125
19,k_proj,model.layers.19.self_attn.k_proj.weight,grouped,256,2048,524288,2048,3.367982208146714e-05,20.30811309814453,0.018643634393811226,0.0753348246216774,13.18527142241294,50.74501037597656
19,k_proj,model.layers.19.self_attn.k_proj.weight,grouped,128,2048,524288,4096,2.6681856979848817e-05,18.215179443359375,0.01668597385287285,0.0753348246216774,16.643429126320022,52.83794403076172
19,k_proj,model.layers.19.self_attn.k_proj.weight,grouped,64,2048,524288,8192,2.0717136067105457e-05,16.16802215576172,0.014795530587434769,0.0753348246216774,21.43527918937718,54.885101318359375
19,k_proj,model.layers.19.self_attn.k_proj.weight,grouped,32,2048,524288,16384,1.5910954971332103e-05,14.232826232910156,0.013038106262683868,0.0753348246216774,27.91017864124731,56.82029724121094
19,k_proj,model.layers.19.self_attn.k_proj.weight,grouped,16,2048,524288,32768,1.1723988791345619e-05,12.258720397949219,0.011324157007038593,0.0753348246216774,37.87768851591951,58.794403076171875
19,o_proj,model.layers.19.self_attn.o_proj.weight,global,4194304,2048,4194304,1,0.00030427161254920065,97.65310287475586,0.0859375,0.0859375,1.0,0.0
19,o_proj,model.layers.19.self_attn.o_proj.weight,grouped,512,2048,4194304,8192,7.10487256583292e-06,20.209479331970215,0.009022711776196957,0.0859375,42.82576636383769,77.44362354278564
19,o_proj,model.layers.19.self_attn.o_proj.weight,grouped,256,2048,4194304,16384,6.054861387383426e-06,18.688201904296875,0.00833945069462061,0.0859375,50.252448913729786,78.96490097045898
19,o_proj,model.layers.19.self_attn.o_proj.weight,grouped,128,2048,4194304,32768,5.063769094704185e-06,17.03653335571289,0.0076204887591302395,0.0859375,60.08797140205612,80.61656951904297
19,o_proj,model.layers.19.self_attn.o_proj.weight,grouped,64,2048,4194304,65536,4.027230716019403e-06,14.99783992767334,0.006787601858377457,0.0859375,75.55355876157721,82.65526294708252
19,o_proj,model.layers.19.self_attn.o_proj.weight,grouped,32,2048,4194304,131072,3.248778284614673e-06,13.487696647644043,0.006117863580584526,0.0859375,93.65724155143118,84.16540622711182
19,o_proj,model.layers.19.self_attn.o_proj.weight,grouped,16,2048,4194304,262144,2.49392473961052e-06,11.83934211730957,0.005402445327490568,0.0859375,122.00513019359164,85.81376075744629
19,q_proj,model.layers.19.self_attn.q_proj.weight,global,4194304,2048,4194304,1,0.0003453535900916904,89.08658027648926,0.0764508917927742,0.0764508917927742,1.0,0.0
19,q_proj,model.layers.19.self_attn.q_proj.weight,grouped,512,2048,4194304,8192,1.4139051017991733e-05,20.92294692993164,0.011896814219653606,0.0764508917927742,24.425514106444137,68.16363334655762
19,q_proj,model.layers.19.self_attn.q_proj.weight,grouped,256,2048,4194304,16384,1.1443560651969165e-05,18.994879722595215,0.01078690867871046,0.0764508917927742,30.178857839344197,70.09170055389404
19,q_proj,model.layers.19.self_attn.q_proj.weight,grouped,128,2048,4194304,32768,9.341436452814378e-06,17.27626323699951,0.009805342182517052,0.0764508917927742,36.97007326829726,71.81031703948975
19,q_proj,model.layers.19.self_attn.q_proj.weight,grouped,64,2048,4194304,65536,7.545984772150405e-06,15.587377548217773,0.008850568905472755,0.0764508917927742,45.766536843046644,73.49920272827148
19,q_proj,model.layers.19.self_attn.q_proj.weight,grouped,32,2048,4194304,131072,5.932186013524188e-06,13.860225677490234,0.007892721332609653,0.0764508917927742,58.21691857004381,75.22635459899902
19,q_proj,model.layers.19.self_attn.q_proj.weight,grouped,16,2048,4194304,262144,4.4628918658418115e-06,12.04831600189209,0.006909910123795271,0.0764508917927742,77.38336497349756,77.03826427459717
19,up_proj,model.layers.19.mlp.up_proj.weight,global,11534336,2048,11534336,1,0.00011510586045915261,68.004018610174,0.0373883917927742,0.0373883917927742,1.0,0.0
19,up_proj,model.layers.19.mlp.up_proj.weight,grouped,512,2048,11534336,22528,6.777615908504231e-06,18.830880251797762,0.008944413624703884,0.0373883917927742,16.983237470675085,49.173138358376235
19,up_proj,model.layers.19.mlp.up_proj.weight,grouped,256,2048,11534336,45056,5.905145826545777e-06,17.581350153142754,0.008348662406206131,0.0373883917927742,19.49246705165348,50.42266845703125
19,up_proj,model.layers.19.mlp.up_proj.weight,grouped,128,2048,11534336,90112,5.063171101937769e-06,16.281986236572266,0.007731306832283735,0.0373883917927742,22.733946402699974,51.722032373601735
19,up_proj,model.layers.19.mlp.up_proj.weight,grouped,64,2048,11534336,180224,4.240234829921974e-06,14.904776486483486,0.007080193143337965,0.0373883917927742,27.146105127689523,53.099242123690516
19,up_proj,model.layers.19.mlp.up_proj.weight,grouped,32,2048,11534336,360448,3.4304480323044118e-06,13.41341192072088,0.00638585677370429,0.0373883917927742,33.55417699822433,54.59060668945312
19,up_proj,model.layers.19.mlp.up_proj.weight,grouped,16,2048,11534336,720896,2.6357718070357805e-06,11.764699762517756,0.005639795679599047,0.0373883917927742,43.67064711440327,56.23931884765624
19,v_proj,model.layers.19.self_attn.v_proj.weight,global,524288,2048,524288,1,0.00013512866280507296,66.94755554199219,0.041015625,0.041015625,1.0,0.0
19,v_proj,model.layers.19.self_attn.v_proj.weight,grouped,512,2048,524288,1024,1.519842044217512e-05,22.320938110351562,0.012266397476196289,0.041015625,8.890967539632957,44.626617431640625
19,v_proj,model.layers.19.self_attn.v_proj.weight,grouped,256,2048,524288,2048,1.2206503924971912e-05,20.382308959960938,0.011080212891101837,0.041015625,11.070218273442606,46.56524658203125
19,v_proj,model.layers.19.self_attn.v_proj.weight,grouped,128,2048,524288,4096,9.633636182115879e-06,18.48011016845703,0.00995254423469305,0.041015625,14.026755863578195,48.467445373535156
19,v_proj,model.layers.19.self_attn.v_proj.weight,grouped,64,2048,524288,8192,7.5751404438051395e-06,16.622161865234375,0.008896023035049438,0.041015625,17.838436634607824,50.32539367675781
19,v_proj,model.layers.19.self_attn.v_proj.weight,grouped,32,2048,524288,16384,5.8159489526588e-06,14.770126342773438,0.007871029898524284,0.041015625,23.234155578909952,52.17742919921875
19,v_proj,model.layers.19.self_attn.v_proj.weight,grouped,16,2048,524288,32768,4.28468365498702e-06,12.824630737304688,0.006844771560281515,0.041015625,31.53760550041875,54.1229248046875
20,down_proj,model.layers.20.mlp.down_proj.weight,global,11534336,5632,11534336,1,0.0003487140638753772,99.26040822809392,0.1026785746216774,0.1026785746216774,1.0,0.0
20,down_proj,model.layers.20.mlp.down_proj.weight,grouped,512,5632,11534336,22528,7.251283022924326e-06,19.12757700139826,0.009088086895644665,0.1026785746216774,48.08998114857009,80.13283122669566
20,down_proj,model.layers.20.mlp.down_proj.weight,grouped,256,5632,11534336,45056,6.191230568219908e-06,17.801683599298652,0.008444969542324543,0.1026785746216774,56.32386971103208,81.45872462879527
20,down_proj,model.layers.20.mlp.down_proj.weight,grouped,128,5632,11534336,90112,5.223693278821884e-06,16.43048199740323,0.00778843741863966,0.1026785746216774,66.75622883317985,82.82992623069069
20,down_proj,model.layers.20.mlp.down_proj.weight,grouped,64,5632,11534336,180224,4.332144271756988e-06,15.009160475297408,0.0071146828122437,0.1026785746216774,80.49456389270924,84.25124775279652
20,down_proj,model.layers.20.mlp.down_proj.weight,grouped,32,5632,11534336,360448,3.479555061858264e-06,13.486671447753906,0.0064050848595798016,0.1026785746216774,100.21800422067346,85.77373678034002
20,down_proj,model.layers.20.mlp.down_proj.weight,grouped,16,5632,11534336,720896,2.6571151465759613e-06,11.808239329944957,0.00564747117459774,0.1026785746216774,131.2378442931766,87.45216889814897
20,gate_proj,model.layers.20.mlp.gate_proj.weight,global,11534336,2048,11534336,1,0.0004257333348505199,97.24824211814187,0.09765625,0.09765625,1.0,0.0
20,gate_proj,model.layers.20.mlp.gate_proj.weight,grouped,512,2048,11534336,22528,9.46431919146562e-06,18.9289006319913,0.01034010760486126,0.09765625,44.98298570006195,78.31934148615058
20,gate_proj,model.layers.20.mlp.gate_proj.weight,grouped,256,2048,11534336,45056,8.115674063446932e-06,17.63165213844993,0.009611518122255802,0.09765625,52.4581607790321,79.61658997969195
20,gate_proj,model.layers.20.mlp.gate_proj.weight,grouped,128,2048,11534336,90112,6.879513875901466e-06,16.29303151910955,0.00887435581535101,0.09765625,61.88421777036293,80.95521059903233
20,gate_proj,model.layers.20.mlp.gate_proj.weight,grouped,64,2048,11534336,180224,5.714018698199652e-06,14.886613325639205,0.008109861053526402,0.09765625,74.5068151395196,82.36162879250267
20,gate_proj,model.layers.20.mlp.gate_proj.weight,grouped,32,2048,11534336,360448,4.601598902809201e-06,13.382339477539062,0.0073074279353022575,0.09765625,92.51856666399513,83.86590264060281
20,gate_proj,model.layers.20.mlp.gate_proj.weight,grouped,16,2048,11534336,720896,3.5265431961306604e-06,11.73466769131747,0.006451547145843506,0.09765625,120.72256347735554,85.5135744268244
20,k_proj,model.layers.20.self_attn.k_proj.weight,global,524288,2048,524288,1,0.0004050605930387974,66.36238098144531,0.0708705335855484,0.0708705335855484,1.0,0.0
20,k_proj,model.layers.20.self_attn.k_proj.weight,grouped,512,2048,524288,1024,4.543200338957831e-05,23.295974731445312,0.021984918043017387,0.0708705335855484,8.915754596279031,43.06640625
20,k_proj,model.layers.20.self_attn.k_proj.weight,grouped,256,2048,524288,2048,3.6367233406053856e-05,20.888519287109375,0.019694481045007706,0.0708705335855484,11.138064546074851,45.47386169433594
20,k_proj,model.layers.20.self_attn.k_proj.weight,grouped,128,2048,524288,4096,2.8726681193802506e-05,18.63079071044922,0.017567995935678482,0.0708705335855484,14.10050086559199,47.731590270996094
20,k_proj,model.layers.20.self_attn.k_proj.weight,grouped,64,2048,524288,8192,2.2204643755685538e-05,16.39728546142578,0.015515999868512154,0.0708705335855484,18.242156798173397,49.96509552001953
20,k_proj,model.layers.20.self_attn.k_proj.weight,grouped,32,2048,524288,16384,1.6923322618822567e-05,14.332771301269531,0.013624293729662895,0.0708705335855484,23.935051181277977,52.02960968017578
20,k_proj,model.layers.20.self_attn.k_proj.weight,grouped,16,2048,524288,32768,1.2459780919016339e-05,12.287330627441406,0.011800449341535568,0.0708705335855484,32.50944745108533,54.075050354003906
20,o_proj,model.layers.20.self_attn.o_proj.weight,global,4194304,2048,4194304,1,0.00026493618497624993,93.15609931945801,0.0672433003783226,0.0672433003783226,1.0,0.0
20,o_proj,model.layers.20.self_attn.o_proj.weight,grouped,512,2048,4194304,8192,6.95913195158937e-06,19.72987651824951,0.008974011056125164,0.0672433003783226,38.07029192997873,73.4262228012085
20,o_proj,model.layers.20.self_attn.o_proj.weight,grouped,256,2048,4194304,16384,5.928105110797333e-06,18.24498176574707,0.00829488318413496,0.0672433003783226,44.69154645954243,74.91111755371094
20,o_proj,model.layers.20.self_attn.o_proj.weight,grouped,128,2048,4194304,32768,4.896582140645478e-06,16.524076461791992,0.007539407350122929,0.0672433003783226,54.10634956515311,76.63202285766602
20,o_proj,model.layers.20.self_attn.o_proj.weight,grouped,64,2048,4194304,65536,3.979623215855099e-06,14.832282066345215,0.006799948401749134,0.0672433003783226,66.57318308947579,78.3238172531128
20,o_proj,model.layers.20.self_attn.o_proj.weight,grouped,32,2048,4194304,131072,3.22842402056267e-06,13.38207721710205,0.006142586935311556,0.0672433003783226,82.06362710994672,79.77402210235596
20,o_proj,model.layers.20.self_attn.o_proj.weight,grouped,16,2048,4194304,262144,2.4818193651299225e-06,11.756658554077148,0.005429905839264393,0.0672433003783226,106.7507928653706,81.39944076538086
20,q_proj,model.layers.20.self_attn.q_proj.weight,global,4194304,2048,4194304,1,0.00043000749428756535,92.49002933502197,0.0892857164144516,0.0892857164144516,1.0,0.0
20,q_proj,model.layers.20.self_attn.q_proj.weight,grouped,512,2048,4194304,8192,1.5593137504765764e-05,21.536755561828613,0.012592059560120106,0.0892857164144516,27.576714061306856,70.95327377319336
20,q_proj,model.layers.20.self_attn.q_proj.weight,grouped,256,2048,4194304,16384,1.245874045707751e-05,19.350886344909668,0.011320836842060089,0.0892857164144516,34.514523821169135,73.1391429901123
20,q_proj,model.layers.20.self_attn.q_proj.weight,grouped,128,2048,4194304,32768,1.0047553587355651e-05,17.487788200378418,0.010235232301056385,0.0892857164144516,42.79723323184944,75.00224113464355
20,q_proj,model.layers.20.self_attn.q_proj.weight,grouped,64,2048,4194304,65536,8.04696355771739e-06,15.71507453918457,0.009204096160829067,0.0892857164144516,53.43723644369799,76.7749547958374
20,q_proj,model.layers.20.self_attn.q_proj.weight,grouped,32,2048,4194304,131072,6.2740691646467894e-06,13.926386833190918,0.008182214573025703,0.0892857164144516,68.53725756014573,78.56364250183105
20,q_proj,model.layers.20.self_attn.q_proj.weight,grouped,16,2048,4194304,262144,4.691545655077789e-06,12.076187133789062,0.007148120552301407,0.0892857164144516,91.6558264379579,80.41384220123291
20,up_proj,model.layers.20.mlp.up_proj.weight,global,11534336,2048,11534336,1,8.632038225186989e-05,59.99240008267489,0.0322265625,0.0322265625,1.0,0.0
20,up_proj,model.layers.20.mlp.up_proj.weight,grouped,512,2048,11534336,22528,7.160540917539038e-06,18.915757265957918,0.009178770706057549,0.0322265625,12.055008587470905,41.07664281671697
20,up_proj,model.layers.20.mlp.up_proj.weight,grouped,256,2048,11534336,45056,6.219332590262638e-06,17.633316733620383,0.00855677668005228,0.0322265625,13.87936422422854,42.35908334905451
20,up_proj,model.layers.20.mlp.up_proj.weight,grouped,128,2048,11534336,90112,5.318329385772813e-06,16.313934326171875,0.007915896363556385,0.0322265625,16.23073262118506,43.678465756503016
20,up_proj,model.layers.20.mlp.up_proj.weight,grouped,64,2048,11534336,180224,4.4453931877797e-06,14.919879219748758,0.007243725936859846,0.0322265625,19.41794091221513,45.07252086292613
20,up_proj,model.layers.20.mlp.up_proj.weight,grouped,32,2048,11534336,360448,3.5930104331782786e-06,13.421075994318182,0.006531523074954748,0.0322265625,24.024528694594757,46.57132408835671
20,up_proj,model.layers.20.mlp.up_proj.weight,grouped,16,2048,11534336,720896,2.7566313747229287e-06,11.770265752618963,0.005765974521636963,0.0322265625,31.31371972451196,48.22213433005593
20,v_proj,model.layers.20.self_attn.v_proj.weight,global,524288,2048,524288,1,3.163042129017413e-05,34.202003479003906,0.01953125,0.01953125,1.0,0.0
20,v_proj,model.layers.20.self_attn.v_proj.weight,grouped,512,2048,524288,1024,1.060042268363759e-05,19.919395446777344,0.011120524257421494,0.01953125,2.983883023739954,14.282608032226562
20,v_proj,model.layers.20.self_attn.v_proj.weight,grouped,256,2048,524288,2048,9.269765541830566e-06,18.649673461914062,0.010391457006335258,0.01953125,3.4122137337173517,15.552330017089844
20,v_proj,model.layers.20.self_attn.v_proj.weight,grouped,128,2048,524288,4096,7.913640729384497e-06,17.297744750976562,0.009602317586541176,0.01953125,3.9969493652555874,16.904258728027344
20,v_proj,model.layers.20.self_attn.v_proj.weight,grouped,64,2048,524288,8192,6.628180926782079e-06,15.864944458007812,0.008787851780653,0.01953125,4.772111932305144,18.337059020996094
20,v_proj,model.layers.20.self_attn.v_proj.weight,grouped,32,2048,524288,16384,5.350729679776123e-06,14.316558837890625,0.007923130877315998,0.01953125,5.911422027116414,19.88544464111328
20,v_proj,model.layers.20.self_attn.v_proj.weight,grouped,16,2048,524288,32768,4.100572823517723e-06,12.604522705078125,0.006990212015807629,0.01953125,7.7136592011648775,21.59748077392578
21,down_proj,model.layers.21.mlp.down_proj.weight,global,11534336,5632,11534336,1,0.000311385520035401,99.1558161648837,0.0987723246216774,0.0987723246216774,1.0,0.0
21,down_proj,model.layers.21.mlp.down_proj.weight,grouped,512,5632,11534336,22528,7.3885767051251605e-06,20.699509707364168,0.009063883684575558,0.0987723246216774,42.144181817778964,78.45630645751953
21,down_proj,model.layers.21.mlp.down_proj.weight,grouped,256,5632,11534336,45056,6.257329005165957e-06,19.236139817671344,0.008393474854528904,0.0987723246216774,49.76332869477149,79.91967634721236
21,down_proj,model.layers.21.mlp.down_proj.weight,grouped,128,5632,11534336,90112,5.216185400058748e-06,17.707226493141867,0.007707675918936729,0.0987723246216774,59.69602231391046,81.44858967174184
21,down_proj,model.layers.21.mlp.down_proj.weight,grouped,64,5632,11534336,180224,4.257204182067653e-06,16.092803261496805,0.0069951643235981464,0.0987723246216774,73.14319603157165,83.06301290338689
21,down_proj,model.layers.21.mlp.down_proj.weight,grouped,32,5632,11534336,360448,3.362654524607933e-06,14.369392395019531,0.006250954698771238,0.0987723246216774,92.60110360927037,84.78642376986417
21,down_proj,model.layers.21.mlp.down_proj.weight,grouped,16,5632,11534336,720896,2.5264698706450872e-06,12.49399185180664,0.005469679366797209,0.0987723246216774,123.24925131836007,86.66182431307706
21,gate_proj,model.layers.21.mlp.gate_proj.weight,global,11534336,2048,11534336,1,0.00043674049084074795,93.24486472389914,0.0887276753783226,0.0887276753783226,1.0,0.0
21,gate_proj,model.layers.21.mlp.gate_proj.weight,grouped,512,2048,11534336,22528,1.2124683962611016e-05,19.458718733354047,0.011542955413460732,0.0887276753783226,36.02077317541043,73.7861459905451
21,gate_proj,model.layers.21.mlp.gate_proj.weight,grouped,256,2048,11534336,45056,1.0301340807927772e-05,17.993684248490766,0.01066975574940443,0.0887276753783226,42.39647041913596,75.25118047540838
21,gate_proj,model.layers.21.mlp.gate_proj.weight,grouped,128,2048,11534336,90112,8.674261152918916e-06,16.543804515491832,0.009809977374970913,0.0887276753783226,50.349013378941606,76.70106020840731
21,gate_proj,model.layers.21.mlp.gate_proj.weight,grouped,64,2048,11534336,180224,7.167377134464914e-06,15.052431279962713,0.008934096433222294,0.0887276753783226,60.934492862200024,78.19243344393642
21,gate_proj,model.layers.21.mlp.gate_proj.weight,grouped,32,2048,11534336,360448,5.739121206715936e-06,13.486801494251598,0.008026519790291786,0.0887276753783226,76.09884424982575,79.75806322964755
21,gate_proj,model.layers.21.mlp.gate_proj.weight,grouped,16,2048,11534336,720896,4.378357061796123e-06,11.794792522083629,0.00707111693918705,0.0887276753783226,99.74985700722749,81.45007220181552
21,k_proj,model.layers.21.self_attn.k_proj.weight,global,524288,2048,524288,1,0.00048431113827973604,70.93334197998047,0.078125,0.078125,1.0,0.0
21,k_proj,model.layers.21.self_attn.k_proj.weight,grouped,512,2048,524288,1024,4.4540760427480564e-05,22.647666931152344,0.02151407301425934,0.078125,10.87343668207622,48.285675048828125
21,k_proj,model.layers.21.self_attn.k_proj.weight,grouped,256,2048,524288,2048,3.5267228668089956e-05,20.340538024902344,0.0192674919962883,0.078125,13.732611168224405,50.592803955078125
21,k_proj,model.layers.21.self_attn.k_proj.weight,grouped,128,2048,524288,4096,2.7863909053849056e-05,18.157386779785156,0.017203280702233315,0.078125,17.381306310746606,52.77595520019531
21,k_proj,model.layers.21.self_attn.k_proj.weight,grouped,64,2048,524288,8192,2.1606792870443314e-05,16.032981872558594,0.015223834663629532,0.078125,22.41476285646456,54.900360107421875
21,k_proj,model.layers.21.self_attn.k_proj.weight,grouped,32,2048,524288,16384,1.6582454918534495e-05,14.1021728515625,0.013417494483292103,0.078125,29.2062388023388,56.83116912841797
21,k_proj,model.layers.21.self_attn.k_proj.weight,grouped,16,2048,524288,32768,1.2258949936949648e-05,12.166595458984375,0.011661163531243801,0.078125,39.50673922078562,58.766746520996094
21,o_proj,model.layers.21.self_attn.o_proj.weight,global,4194304,2048,4194304,1,0.00024876106181181967,89.94815349578857,0.0619419626891613,0.0619419626891613,1.0,0.0
21,o_proj,model.layers.21.self_attn.o_proj.weight,grouped,512,2048,4194304,8192,7.5033412940683775e-06,19.902348518371582,0.009263783693313599,0.0619419626891613,33.153371553080355,70.04580497741699
21,o_proj,model.layers.21.self_attn.o_proj.weight,grouped,256,2048,4194304,16384,6.4620585362717975e-06,18.490028381347656,0.008597028441727161,0.0619419626891613,38.49563732911327,71.45812511444092
21,o_proj,model.layers.21.self_attn.o_proj.weight,grouped,128,2048,4194304,32768,5.302808858687058e-06,16.67940616607666,0.007782968692481518,0.0619419626891613,46.91118771974959,73.26874732971191
21,o_proj,model.layers.21.self_attn.o_proj.weight,grouped,64,2048,4194304,65536,4.285613158572232e-06,14.890480041503906,0.006996508222073317,0.0619419626891613,58.045617419817546,75.05767345428467
21,o_proj,model.layers.21.self_attn.o_proj.weight,grouped,32,2048,4194304,131072,3.481849262243486e-06,13.42630386352539,0.006322133354842663,0.0619419626891613,71.44509801424707,76.52184963226318
21,o_proj,model.layers.21.self_attn.o_proj.weight,grouped,16,2048,4194304,262144,2.6742100089904852e-06,11.78131103515625,0.005586716346442699,0.0619419626891613,93.02226114460136,78.16684246063232
21,q_proj,model.layers.21.self_attn.q_proj.weight,global,4194304,2048,4194304,1,0.00035954592749476433,89.95451927185059,0.0775669664144516,0.0775669664144516,1.0,0.0
21,q_proj,model.layers.21.self_attn.q_proj.weight,grouped,512,2048,4194304,8192,1.7655111150816083e-05,22.991156578063965,0.013086885213851929,0.0775669664144516,20.36497671543375,66.96336269378662
21,q_proj,model.layers.21.self_attn.q_proj.weight,grouped,256,2048,4194304,16384,1.3167258657631464e-05,20.08347511291504,0.011407526209950447,0.0775669664144516,27.306057915584358,69.87104415893555
21,q_proj,model.layers.21.self_attn.q_proj.weight,grouped,128,2048,4194304,32768,1.0136887794942595e-05,17.867064476013184,0.010127721354365349,0.0775669664144516,35.46906454603806,72.0874547958374
21,q_proj,model.layers.21.self_attn.q_proj.weight,grouped,64,2048,4194304,65536,7.860634468670469e-06,15.871930122375488,0.009002696722745895,0.0775669664144516,45.74006448560598,74.0825891494751
21,q_proj,model.layers.21.self_attn.q_proj.weight,grouped,32,2048,4194304,131072,5.988204065943137e-06,13.968396186828613,0.0079403230920434,0.0775669664144516,60.04236387661184,75.98612308502197
21,q_proj,model.layers.21.self_attn.q_proj.weight,grouped,16,2048,4194304,262144,4.417781383381225e-06,12.064003944396973,0.006907213479280472,0.0775669664144516,81.38608416598008,77.89051532745361
21,up_proj,model.layers.21.mlp.up_proj.weight,global,11534336,2048,11534336,1,0.0003517298318911344,98.57864379882812,0.0970982164144516,0.0970982164144516,1.0,0.0
21,up_proj,model.layers.21.mlp.up_proj.weight,grouped,512,2048,11534336,22528,7.608104624523548e-06,19.12207169966264,0.009228059090673923,0.0970982164144516,46.230940457546765,79.45657209916548
21,up_proj,model.layers.21.mlp.up_proj.weight,grouped,256,2048,11534336,45056,6.497444701381028e-06,17.759245092218574,0.008560583926737309,0.0970982164144516,54.133562970743625,80.81939870660955
21,up_proj,model.layers.21.mlp.up_proj.weight,grouped,128,2048,11534336,90112,5.502519798028516e-06,16.38763601129705,0.007895874790847301,0.0970982164144516,63.921593161219484,82.19100778753108
21,up_proj,model.layers.21.mlp.up_proj.weight,grouped,64,2048,11534336,180224,4.554066435957793e-06,14.946391365744851,0.007205285597592592,0.0970982164144516,77.23423380782542,83.63225243308327
21,up_proj,model.layers.21.mlp.up_proj.weight,grouped,32,2048,11534336,360448,3.655774435173953e-06,13.423642245205967,0.006485192105174065,0.0970982164144516,96.21212635740694,85.15500155362216
21,up_proj,model.layers.21.mlp.up_proj.weight,grouped,16,2048,11534336,720896,2.7916778435610468e-06,11.756246740167791,0.005719437729567289,0.0970982164144516,125.99227117211706,86.82239705866033
21,v_proj,model.layers.21.self_attn.v_proj.weight,global,524288,2048,524288,1,3.983154965681024e-05,34.412193298339844,0.02190290205180645,0.02190290205180645,1.0,0.0
21,v_proj,model.layers.21.self_attn.v_proj.weight,grouped,512,2048,524288,1024,1.3189064702601172e-05,20.0958251953125,0.01245737075805664,0.02190290205180645,3.020043540233341,14.316368103027344
21,v_proj,model.layers.21.self_attn.v_proj.weight,grouped,256,2048,524288,2048,1.1525337868079077e-05,18.753623962402344,0.01162002794444561,0.02190290205180645,3.455998436898661,15.6585693359375
21,v_proj,model.layers.21.self_attn.v_proj.weight,grouped,128,2048,524288,4096,9.83493373496458e-06,17.324447631835938,0.010732650756835938,0.02190290205180645,4.050006917200006,17.087745666503906
21,v_proj,model.layers.21.self_attn.v_proj.weight,grouped,64,2048,524288,8192,8.18332682683831e-06,15.857696533203125,0.009796700440347195,0.02190290205180645,4.867403013426931,18.55449676513672
21,v_proj,model.layers.21.self_attn.v_proj.weight,grouped,32,2048,524288,16384,6.579747605428565e-06,14.232063293457031,0.00880778580904007,0.02190290205180645,6.053659204791922,20.180130004882812
21,v_proj,model.layers.21.self_attn.v_proj.weight,grouped,16,2048,524288,32768,5.028916348237544e-06,12.44964599609375,0.007753698155283928,0.02190290205180645,7.920503523740214,21.962547302246094
